/*
SQLyog Ultimate v12.09 (64 bit)
MySQL - 5.7.17 : Database - db_store_king
*********************************************************************
*/


/*!40101 SET NAMES utf8 */;

/*!40101 SET SQL_MODE=''*/;

/*!40014 SET @OLD_UNIQUE_CHECKS=@@UNIQUE_CHECKS, UNIQUE_CHECKS=0 */;
/*!40101 SET @OLD_SQL_MODE=@@SQL_MODE, SQL_MODE='NO_AUTO_VALUE_ON_ZERO' */;
/*!40111 SET @OLD_SQL_NOTES=@@SQL_NOTES, SQL_NOTES=0 */;
CREATE DATABASE /*!32312 IF NOT EXISTS*/`db_store_king` /*!40100 DEFAULT CHARACTER SET utf8 */;

USE `db_store_king`;

/*Table structure for table `action_log` */

DROP TABLE IF EXISTS `action_log`;

CREATE TABLE `action_log` (
  `id` int(10) unsigned NOT NULL AUTO_INCREMENT,
  `table` varchar(255) NOT NULL DEFAULT '' COMMENT '表名字',
  `table_id` varchar(255) NOT NULL DEFAULT '0' COMMENT '记录的主键',
  `description` varchar(255) NOT NULL DEFAULT '' COMMENT '描述',
  `old_json` varchar(2000) NOT NULL DEFAULT '' COMMENT '修改之前的数据',
  `new_json` varchar(2000) NOT NULL DEFAULT '' COMMENT '修改之后的数据',
  `username` varchar(255) NOT NULL DEFAULT '' COMMENT '审核人',
  `account` varchar(255) NOT NULL DEFAULT '' COMMENT '审核人账号',
  `ip` char(15) NOT NULL DEFAULT '' COMMENT 'IP',
  `url` varchar(255) NOT NULL DEFAULT '' COMMENT '操作的url',
  `created_at` timestamp NULL DEFAULT CURRENT_TIMESTAMP COMMENT '创建时间',
  PRIMARY KEY (`id`)
) ENGINE=MyISAM DEFAULT CHARSET=utf8 COMMENT='后台操作日志表';

/*Data for the table `action_log` */

/*Table structure for table `channel_business` */

DROP TABLE IF EXISTS `channel_business`;

CREATE TABLE `channel_business` (
  `id` int(10) unsigned NOT NULL AUTO_INCREMENT,
  `business_name` varchar(255) NOT NULL DEFAULT '' COMMENT '渠道商名字',
  `description` varchar(255) NOT NULL DEFAULT '' COMMENT '描述',
  `tax` decimal(5,4) NOT NULL DEFAULT '0.0000' COMMENT '提成比，单位：%，max=1',
  `d_tax` decimal(5,4) DEFAULT NULL,
  `line_recharge` int(11) DEFAULT '30000' COMMENT '充值扣量起征点，单位：元',
  `line_cash` int(11) DEFAULT 0 ,
  `line_tax` int(11) DEFAULT '6000' COMMENT '税收扣量起征点，单位:元',
  `created_at` timestamp NULL DEFAULT CURRENT_TIMESTAMP COMMENT '创建时间',
  `updated_at` timestamp NULL DEFAULT NULL,
  `deleted_at` timestamp NULL DEFAULT NULL,
  PRIMARY KEY (`id`),
  UNIQUE KEY `unique_business_name` (`business_name`)
) ENGINE=MyISAM AUTO_INCREMENT=14 DEFAULT CHARSET=utf8 COMMENT='渠道商表';

/*Data for the table `channel_business` */

insert  into `channel_business`(`id`,`business_name`,`description`,`tax`,`d_tax`,`line_recharge`,`line_cash`,`line_tax`,`created_at`,`updated_at`,`deleted_at`) values (0,'default','默认（不可删除）','0.0000','0.0000',0,0,0,'2017-04-19 06:26:28',NULL,NULL);

/*Table structure for table `channel_tax` */

DROP TABLE IF EXISTS `channel_tax`;

CREATE TABLE `channel_tax` (
  `id` int(10) unsigned NOT NULL AUTO_INCREMENT,
  `channel` varchar(255) NOT NULL DEFAULT '' COMMENT '渠道号',
  `business` int(10) NOT NULL DEFAULT '0' COMMENT '渠道商户',
  `tax` decimal(5,4) NOT NULL DEFAULT '0.0000' COMMENT '扣量比，单位：%，max=1',
  `line_recharge` int(11) DEFAULT '30000' COMMENT '充值扣量起征点，单位元',
  `line_tax` int(11) DEFAULT '6000' COMMENT '税收扣量起征点，单位元',
  `phone_type` varchar(255) NOT NULL DEFAULT '' COMMENT '终端型号ios android',
  `show_channel` varchar(255) NOT NULL DEFAULT '' COMMENT '对外渠道号',
  `url` varchar(500) NOT NULL DEFAULT '' COMMENT '安装包地址',
  `created_at` timestamp NULL DEFAULT CURRENT_TIMESTAMP COMMENT '创建时间',
  `updated_at` timestamp NULL DEFAULT NULL COMMENT '更新时间',
  PRIMARY KEY (`id`),
  UNIQUE KEY `channel_index` (`channel`) USING BTREE COMMENT '渠道号索引'
) ENGINE=MyISAM DEFAULT CHARSET=utf8 COMMENT='渠道商户和安装包关联表';

/*Data for the table `channel_tax` */

/*Table structure for table `ds_deamon_record` */

DROP TABLE IF EXISTS `ds_deamon_record`;

CREATE TABLE `ds_deamon_record` (
  `time` char(19) DEFAULT NULL COMMENT '格式化时间',
  `type` char(4) DEFAULT NULL COMMENT '执行行为类型:init,exec,kill',
  `path` text COMMENT '执行脚本的路径'
) ENGINE=MyISAM DEFAULT CHARSET=utf8;

/*Data for the table `ds_deamon_record` */

/*Table structure for table `ds_errors_record` */

DROP TABLE IF EXISTS `ds_errors_record`;

CREATE TABLE `ds_errors_record` (
  `serial` int(10) unsigned NOT NULL AUTO_INCREMENT,
  `time` char(19) DEFAULT NULL,
  `level` tinyint(1) DEFAULT NULL COMMENT '1:Bebug,2:Warn,3:Notic,4:Delay,5:Excep,6:Error,7:Fatal',
  `moudle` varchar(64) DEFAULT NULL COMMENT '模块名',
  `model` varchar(64) DEFAULT NULL COMMENT '模型名',
  `file` text COMMENT '文件行号',
  `message` text COMMENT '错误原因',
  `trace` text COMMENT '调用信息',
  PRIMARY KEY (`serial`)
) ENGINE=MyISAM DEFAULT CHARSET=utf8;

/*Data for the table `ds_errors_record` */

/*Table structure for table `ds_progress_kvs` */

DROP TABLE IF EXISTS `ds_progress_kvs`;

CREATE TABLE `ds_progress_kvs` (
  `k` char(128) NOT NULL COMMENT '一般格式model|anchorDb|...可保证该脚本有唯一的k',
  `v` char(64) DEFAULT NULL COMMENT '脚本执行进度',
  `t` char(19) DEFAULT NULL COMMENT '进度保存时间',
  PRIMARY KEY (`k`)
) ENGINE=MyISAM DEFAULT CHARSET=utf8;

/*Data for the table `ds_progress_kvs` */

/*Table structure for table `ds_select_cycle` */

DROP TABLE IF EXISTS `ds_select_cycle`;

CREATE TABLE `ds_select_cycle` (
  `serial` int(11) unsigned NOT NULL AUTO_INCREMENT COMMENT '自增用以查找更新',
  `model` varchar(64) NOT NULL COMMENT '任务类的类名',
  `anchorKv` varchar(255) NOT NULL DEFAULT '[]' COMMENT '补充参数,只能是一维的、Key不为数字的、不含特殊字符的JSON格式',
  `runType` varchar(8) NOT NULL COMMENT '运行类型: hourly,daily,weekly,monthly',
  `runTime` varchar(128) NOT NULL COMMENT '多组以","连接,月日期不能大于28,单组格式:hourly(%i%s),daily(%H%i%s),weekly(%w%H%i%s),monthly(%d%H%i%s)',
  `isUseful` varchar(128) NOT NULL DEFAULT 'Unknow' COMMENT '参数是否可用的检测结果',
  `manualEnable` char(1) NOT NULL DEFAULT '0' COMMENT '手动设定继续运行或者关闭',
  PRIMARY KEY (`serial`),
  UNIQUE KEY `unique` (`model`,`anchorKv`)
) ENGINE=MyISAM AUTO_INCREMENT=5 DEFAULT CHARSET=utf8;

/*Data for the table `ds_select_cycle` */

insert  into `ds_select_cycle`(`serial`,`model`,`anchorKv`,`runType`,`runTime`,`isUseful`,`manualEnable`) values (4,'SendMessagesAt0030AM','[]','daily','003000','Success','1'),(3,'SendMessagesToRebots','[]','hourly','0000,1000,2000,3000,4000,5000','Success','1');

/*Table structure for table `ds_select_forever` */

DROP TABLE IF EXISTS `ds_select_forever`;

CREATE TABLE `ds_select_forever` (
  `serial` int(11) unsigned NOT NULL AUTO_INCREMENT,
  `model` varchar(64) NOT NULL COMMENT '任务类的类名',
  `anchorKv` varchar(255) NOT NULL DEFAULT '[]' COMMENT '补充参数,只能是一维的、Key不为数字的、不含特殊字符的JSON格式',
  `isUseful` varchar(128) NOT NULL DEFAULT 'Unknow' COMMENT '参数是否可用的检测结果',
  `manualEnable` char(1) NOT NULL DEFAULT '0' COMMENT '手动设定继续运行或者关闭',
  PRIMARY KEY (`serial`),
  UNIQUE KEY `unique` (`model`,`anchorKv`)
) ENGINE=MyISAM AUTO_INCREMENT=7 DEFAULT CHARSET=utf8;

/*Data for the table `ds_select_forever` */

insert  into `ds_select_forever`(`serial`,`model`,`anchorKv`,`isUseful`,`manualEnable`) values (1,'ProductTotalDatasForCall','[]','Success','1'),(2,'DayBagIdTax','[]','Success','1'),(3,'DayBagIdRecharge','[]','Success','1'),(4,'DayBagRegBindLogin','[]','Success','1'),(5,'GameOnlineDots','[]','Success','0'),(6,'GuidBagIdBack','[]','Unknow','0');

/*Table structure for table `menus` */

DROP TABLE IF EXISTS `menus`;

CREATE TABLE `menus` (
  `id` int(10) unsigned NOT NULL AUTO_INCREMENT,
  `pid` int(11) NOT NULL DEFAULT '0' COMMENT '菜单关系',
  `name` varchar(255) NOT NULL DEFAULT '' COMMENT '菜单名称',
  `icon` varchar(255) NOT NULL DEFAULT '' COMMENT '图标',
  `slug` varchar(255) NOT NULL DEFAULT '' COMMENT '菜单对应的权限',
  `url` varchar(255) NOT NULL DEFAULT '' COMMENT '菜单链接地址',
  `active` varchar(255) NOT NULL DEFAULT '' COMMENT '菜单高亮地址',
  `description` varchar(255) NOT NULL DEFAULT '' COMMENT '描述',
  `sort` tinyint(4) NOT NULL DEFAULT '0' COMMENT '排序',
  `created_at` timestamp NULL DEFAULT NULL,
  `updated_at` timestamp NULL DEFAULT NULL,
  PRIMARY KEY (`id`)
) ENGINE=MyISAM AUTO_INCREMENT=18 DEFAULT CHARSET=utf8;

/*Data for the table `menus` */

insert  into `menus`(`id`,`pid`,`name`,`icon`,`slug`,`url`,`active`,`description`,`sort`,`created_at`,`updated_at`) values (2,0,'系统管理','fa fa-cog','system.*','#','users/*,roles/*,permissions/*,log/*,gameConfig/*','系统功能管理',96,NULL,NULL),(3,2,'用户管理','','users.index','users/index','users/*','显示用户管理',0,NULL,NULL),(4,2,'角色管理','','roles.index','roles/index','roles/*','显示角色管理',0,NULL,NULL),(5,2,'权限管理','','permissions.index','permissions/index','permissions/*','显示权限管理',0,NULL,NULL),(17,15,'渠道商管理','','channelBusiness.index','channelBusiness/index','channelBusiness/*','渠道商管理',0,NULL,NULL),(16,15,'渠道包管理','','channelTax.index','channelTax/index','channelTax/index','渠道商户和包和税收设置',0,NULL,NULL),(7,0,'平台统计','fa fa-bank','bagWeAll.index','bagWeAll/index','bagWeAll/*','平台统计',88,NULL,NULL),(15,0,'渠道管理','fa fa-universal-access','channel.*','#','channelTax/*,channelBusiness/*','渠道管理',93,NULL,NULL),(6,2,'操作日志','','log.index','log/index','log/index','操作日志',0,NULL,NULL);

/*Table structure for table `password_resets` */

DROP TABLE IF EXISTS `password_resets`;

CREATE TABLE `password_resets` (
  `email` varchar(255) NOT NULL,
  `token` varchar(255) NOT NULL,
  `created_at` timestamp NULL DEFAULT NULL,
  KEY `password_resets_email_index` (`email`),
  KEY `password_resets_token_index` (`token`)
) ENGINE=MyISAM DEFAULT CHARSET=utf8;

/*Data for the table `password_resets` */

/*Table structure for table `permission_role` */

DROP TABLE IF EXISTS `permission_role`;

CREATE TABLE `permission_role` (
  `id` int(10) unsigned NOT NULL AUTO_INCREMENT,
  `permission_id` int(10) unsigned NOT NULL,
  `role_id` int(10) unsigned NOT NULL,
  `created_at` timestamp NULL DEFAULT NULL,
  `updated_at` timestamp NULL DEFAULT NULL,
  PRIMARY KEY (`id`),
  KEY `permission_role_permission_id_index` (`permission_id`),
  KEY `permission_role_role_id_index` (`role_id`)
) ENGINE=MyISAM AUTO_INCREMENT=57 DEFAULT CHARSET=utf8;

/*Data for the table `permission_role` */

insert  into `permission_role`(`id`,`permission_id`,`role_id`,`created_at`,`updated_at`) values (51,51,1,'2017-04-06 16:59:10','2017-04-06 16:59:10'),(2,2,1,NULL,NULL),(3,3,1,NULL,NULL),(4,4,1,NULL,NULL),(5,5,1,NULL,NULL),(50,43,1,'2017-04-06 16:59:10','2017-04-06 16:59:10'),(7,18,1,NULL,NULL),(8,19,1,NULL,NULL),(9,20,1,NULL,NULL),(10,21,1,NULL,NULL),(11,22,1,NULL,NULL),(12,22,1,NULL,NULL),(13,23,1,NULL,NULL),(14,24,1,NULL,NULL),(15,25,1,NULL,NULL),(16,26,1,NULL,NULL),(17,27,1,NULL,NULL),(18,28,1,NULL,NULL),(19,29,1,NULL,NULL),(20,30,1,NULL,NULL),(21,31,1,NULL,NULL),(22,32,1,NULL,NULL),(23,33,1,NULL,NULL),(24,34,1,NULL,NULL),(25,35,1,NULL,NULL),(49,42,1,'2017-04-06 16:59:10','2017-04-06 16:59:10'),(52,41,1,'2017-04-06 16:59:10','2017-04-06 16:59:10'),(53,52,1,'2017-04-17 22:10:54','2017-04-17 22:10:54'),(54,53,1,'2017-04-17 22:10:54','2017-04-17 22:10:54'),(55,60,1,'2017-04-17 22:17:15','2017-04-17 22:17:15'),(56,54,1,'2017-04-17 22:22:30','2017-04-17 22:22:30');

/*Table structure for table `permission_user` */

DROP TABLE IF EXISTS `permission_user`;

CREATE TABLE `permission_user` (
  `id` int(10) unsigned NOT NULL AUTO_INCREMENT,
  `permission_id` int(10) unsigned NOT NULL,
  `user_id` int(10) unsigned NOT NULL,
  `created_at` timestamp NULL DEFAULT NULL,
  `updated_at` timestamp NULL DEFAULT NULL,
  PRIMARY KEY (`id`),
  KEY `permission_user_permission_id_index` (`permission_id`),
  KEY `permission_user_user_id_index` (`user_id`)
) ENGINE=MyISAM DEFAULT CHARSET=utf8;

/*Data for the table `permission_user` */

/*Table structure for table `permissions` */

DROP TABLE IF EXISTS `permissions`;

CREATE TABLE `permissions` (
  `id` int(10) unsigned NOT NULL AUTO_INCREMENT,
  `name` varchar(255) NOT NULL,
  `slug` varchar(255) NOT NULL,
  `description` varchar(255) DEFAULT NULL,
  `model` varchar(255) DEFAULT NULL,
  `created_at` timestamp NULL DEFAULT NULL,
  `updated_at` timestamp NULL DEFAULT NULL,
  PRIMARY KEY (`id`),
  UNIQUE KEY `permissions_slug_unique` (`slug`)
) ENGINE=MyISAM AUTO_INCREMENT=89 DEFAULT CHARSET=utf8;

/*Data for the table `permissions` */

insert  into `permissions`(`id`,`name`,`slug`,`description`,`model`,`created_at`,`updated_at`) values (2,'系统管理显示','system.*','系统管理',NULL,NULL,NULL),(3,'角色列表显示','roles.index','角色列表',NULL,NULL,NULL),(4,'权限列表显示','permissions.index','显示权限列表',NULL,NULL,NULL),(5,'用户列表显示','users.index','用户列表',NULL,NULL,NULL),(18,'用户创建显示','users.create','用户创建显示',NULL,NULL,NULL),(19,'用户创建功能','users.store','用户创建功能',NULL,NULL,NULL),(20,'用户修改显示','users.edit','用户修改页面',NULL,NULL,NULL),(21,'用户修改功能','users.update','用户修改功能',NULL,NULL,NULL),(22,'用户删除功能','users.destroy','用户删除功能',NULL,NULL,NULL),(23,'用户重置密码功能','users.resetPassword','用户重置密码功能',NULL,NULL,NULL),(42,'渠道包管理','channelTax.index','渠道包管理',NULL,NULL,NULL),(43,'渠道商管理','channelBusiness.index','渠道商管理',NULL,NULL,NULL),(51,'平台数据显示','bagWeAll.index','平台数据默显示','','2017-04-17 21:18:43','2017-04-17 21:47:10'),(24,'用户信息查看显示','users.show','用户信息查看显示',NULL,NULL,NULL),(25,'角色列表功能','roles.ajaxIndex','角色列表功能',NULL,NULL,NULL),(26,'角色创建显示','roles.create','角色创建显示',NULL,NULL,NULL),(27,'角色创建功能','roles.store','角色创建功能',NULL,NULL,NULL),(28,'角色详情显示','roles.show','角色详情显示',NULL,NULL,NULL),(29,'角色修改显示','roles.edit','角色修改显示',NULL,NULL,NULL),(30,'角色修改功能','roles.update','角色修改功能',NULL,NULL,NULL),(31,'权限列表功能','permissions.ajaxIndex','权限列表功能',NULL,NULL,NULL),(32,'权限修改显示','permissions.edit','权限修改显示',NULL,NULL,NULL),(33,'权限修改功能','permissions.update','权限修改功能',NULL,NULL,NULL),(34,'权限创建显示','permissions.create','权限创建显示',NULL,NULL,NULL),(35,'权限创建功能','permissions.store','权限创建功能',NULL,NULL,NULL),(41,'渠道管理','channel.*','渠道管理',NULL,NULL,NULL),(36,'操作日志显示','log.index','操作日志',NULL,NULL,NULL),(52,'平台数据总计','bagWeAll.totalAjax','平台数据总计',NULL,'2017-04-17 21:08:37','2017-04-17 21:08:33'),(53,'平台数据日月','bagWeAll.dataTableAjax','平台数据日月',NULL,'2017-04-17 21:09:26','2017-04-17 21:09:27'),(60,'数据展示表显示','index.dash','数据展示表显示',NULL,'2017-04-17 21:15:16','2017-04-17 21:15:20'),(54,'渠道税率获取','channelTax.ajaxIndex','渠道税率获取',NULL,'2017-04-17 21:20:53','2017-04-17 21:20:55');

/*Table structure for table `role_user` */

DROP TABLE IF EXISTS `role_user`;

CREATE TABLE `role_user` (
  `id` int(10) unsigned NOT NULL AUTO_INCREMENT,
  `role_id` int(10) unsigned NOT NULL,
  `user_id` int(10) unsigned NOT NULL,
  `created_at` timestamp NULL DEFAULT NULL,
  `updated_at` timestamp NULL DEFAULT NULL,
  PRIMARY KEY (`id`),
  KEY `role_user_role_id_index` (`role_id`),
  KEY `role_user_user_id_index` (`user_id`)
) ENGINE=MyISAM AUTO_INCREMENT=23 DEFAULT CHARSET=utf8;

/*Data for the table `role_user` */

insert  into `role_user`(`id`,`role_id`,`user_id`,`created_at`,`updated_at`) values (1,1,1,'2016-11-17 05:00:23','2016-11-17 05:00:23'),(2,2,2,'2017-04-08 22:26:32',NULL);

/*Table structure for table `roles` */

DROP TABLE IF EXISTS `roles`;

CREATE TABLE `roles` (
  `id` int(10) unsigned NOT NULL AUTO_INCREMENT,
  `name` varchar(255) NOT NULL,
  `slug` varchar(255) NOT NULL,
  `description` varchar(255) DEFAULT NULL,
  `level` int(11) NOT NULL DEFAULT '1',
  `created_at` timestamp NULL DEFAULT NULL,
  `updated_at` timestamp NULL DEFAULT NULL,
  PRIMARY KEY (`id`),
  UNIQUE KEY `roles_slug_unique` (`slug`)
) ENGINE=MyISAM AUTO_INCREMENT=3 DEFAULT CHARSET=utf8;

/*Data for the table `roles` */

insert  into `roles`(`id`,`name`,`slug`,`description`,`level`,`created_at`,`updated_at`) values (1,'超级管理员','admin','超级管理员',1,'2016-11-17 05:00:22','2017-04-17 22:22:30'),(2,'渠道商','business','仅能查看渠道商自己下属包的统计数据',1,'2017-04-03 05:31:09','2017-04-03 05:38:28');

/*Table structure for table `users` */

DROP TABLE IF EXISTS `users`;

CREATE TABLE `users` (
  `id` int(10) unsigned NOT NULL AUTO_INCREMENT,
  `name` varchar(255) NOT NULL,
  `email` varchar(255) NOT NULL,
  `password` varchar(255) NOT NULL,
  `remember_token` varchar(100) DEFAULT NULL,
  `created_at` timestamp NULL DEFAULT NULL,
  `updated_at` timestamp NULL DEFAULT NULL,
  PRIMARY KEY (`id`),
  UNIQUE KEY `users_email_unique` (`email`)
) ENGINE=MyISAM AUTO_INCREMENT=27 DEFAULT CHARSET=utf8;

/*Data for the table `users` */

insert  into `users`(`id`,`name`,`email`,`password`,`remember_token`,`created_at`,`updated_at`) values (1,'admin','admin@admin.com','$2y$10$tjrNqo1z1M5wa.NadWFtae1w3bacwOGNv4hY1IsiQIe4j1Hqclizi','kCMRhHz3y4lcKrkZQBONHmnWQlhE5uProapmzwYiryP6QBZtQtqvX2fXVvAO','2017-02-08 04:59:30','2017-04-19 04:59:29'),(2,'default','default@ss.com','$2y$10$tjrNqo1z1M5wa.NadWFtae1w3bacwOGNv4hY1IsiQIe4j1Hqclizi',NULL,'2017-04-19 15:57:17','2017-04-19 15:57:19');

/*Table structure for table `wz_a_data_business` */

DROP TABLE IF EXISTS `wz_a_data_business`;

CREATE TABLE `wz_a_data_business` (
  `buss_id` int(11) NOT NULL COMMENT '渠道商ID,与channel_business的ID对应',
  `group_id` int(11) NOT NULL COMMENT '该渠道商可以查看的数据功能ID的集合，以“,”分割',
  `update_time` timestamp NOT NULL DEFAULT CURRENT_TIMESTAMP ON UPDATE CURRENT_TIMESTAMP,
  PRIMARY KEY (`buss_id`)
) ENGINE=MyISAM DEFAULT CHARSET=utf8;

/*Table structure for table `wz_a_data_group` */

DROP TABLE IF EXISTS `wz_a_data_group`;

CREATE TABLE `wz_a_data_group` (
  `group_id` int(11) NOT NULL AUTO_INCREMENT COMMENT '数据组合的ID',
  `group_name` varchar(32) DEFAULT NULL COMMENT '数据组合的名称',
  `func_id_s` text COMMENT '数据组合的具体功能ID，多个以‘,’分割',
  PRIMARY KEY (`group_id`),
  UNIQUE KEY `unq_name` (`group_name`)
) ENGINE=MyISAM AUTO_INCREMENT=8 DEFAULT CHARSET=utf8;

/*Table structure for table `wz_calendar` */

DROP TABLE IF EXISTS `wz_calendar`;

CREATE TABLE `wz_calendar` (
  `day` char(10) NOT NULL COMMENT '日期表，用于查询时关联',
  PRIMARY KEY (`day`)
) ENGINE=MyISAM DEFAULT CHARSET=utf8;

/*Data for the table `wz_calendar` */

insert  into `wz_calendar`(`day`) values ('2017-01-01'),('2017-01-02'),('2017-01-03'),('2017-01-04'),('2017-01-05'),('2017-01-06'),('2017-01-07'),('2017-01-08'),('2017-01-09'),('2017-01-10'),('2017-01-11'),('2017-01-12'),('2017-01-13'),('2017-01-14'),('2017-01-15'),('2017-01-16'),('2017-01-17'),('2017-01-18'),('2017-01-19'),('2017-01-20'),('2017-01-21'),('2017-01-22'),('2017-01-23'),('2017-01-24'),('2017-01-25'),('2017-01-26'),('2017-01-27'),('2017-01-28'),('2017-01-29'),('2017-01-30'),('2017-01-31'),('2017-02-01'),('2017-02-02'),('2017-02-03'),('2017-02-04'),('2017-02-05'),('2017-02-06'),('2017-02-07'),('2017-02-08'),('2017-02-09'),('2017-02-10'),('2017-02-11'),('2017-02-12'),('2017-02-13'),('2017-02-14'),('2017-02-15'),('2017-02-16'),('2017-02-17'),('2017-02-18'),('2017-02-19'),('2017-02-20'),('2017-02-21'),('2017-02-22'),('2017-02-23'),('2017-02-24'),('2017-02-25'),('2017-02-26'),('2017-02-27'),('2017-02-28'),('2017-03-01'),('2017-03-02'),('2017-03-03'),('2017-03-04'),('2017-03-05'),('2017-03-06'),('2017-03-07'),('2017-03-08'),('2017-03-09'),('2017-03-10'),('2017-03-11'),('2017-03-12'),('2017-03-13'),('2017-03-14'),('2017-03-15'),('2017-03-16'),('2017-03-17'),('2017-03-18'),('2017-03-19'),('2017-03-20'),('2017-03-21'),('2017-03-22'),('2017-03-23'),('2017-03-24'),('2017-03-25'),('2017-03-26'),('2017-03-27'),('2017-03-28'),('2017-03-29'),('2017-03-30'),('2017-03-31'),('2017-04-01'),('2017-04-02'),('2017-04-03'),('2017-04-04'),('2017-04-05'),('2017-04-06'),('2017-04-07'),('2017-04-08'),('2017-04-09'),('2017-04-10'),('2017-04-11'),('2017-04-12'),('2017-04-13'),('2017-04-14'),('2017-04-15'),('2017-04-16'),('2017-04-17'),('2017-04-18'),('2017-04-19'),('2017-04-20'),('2017-04-21'),('2017-04-22'),('2017-04-23'),('2017-04-24'),('2017-04-25'),('2017-04-26'),('2017-04-27'),('2017-04-28'),('2017-04-29'),('2017-04-30'),('2017-05-01'),('2017-05-02'),('2017-05-03'),('2017-05-04'),('2017-05-05'),('2017-05-06'),('2017-05-07'),('2017-05-08'),('2017-05-09'),('2017-05-10'),('2017-05-11'),('2017-05-12'),('2017-05-13'),('2017-05-14'),('2017-05-15'),('2017-05-16'),('2017-05-17'),('2017-05-18'),('2017-05-19'),('2017-05-20'),('2017-05-21'),('2017-05-22'),('2017-05-23'),('2017-05-24'),('2017-05-25'),('2017-05-26'),('2017-05-27'),('2017-05-28'),('2017-05-29'),('2017-05-30'),('2017-05-31'),('2017-06-01'),('2017-06-02'),('2017-06-03'),('2017-06-04'),('2017-06-05'),('2017-06-06'),('2017-06-07'),('2017-06-08'),('2017-06-09'),('2017-06-10'),('2017-06-11'),('2017-06-12'),('2017-06-13'),('2017-06-14'),('2017-06-15'),('2017-06-16'),('2017-06-17'),('2017-06-18'),('2017-06-19'),('2017-06-20'),('2017-06-21'),('2017-06-22'),('2017-06-23'),('2017-06-24'),('2017-06-25'),('2017-06-26'),('2017-06-27'),('2017-06-28'),('2017-06-29'),('2017-06-30'),('2017-07-01'),('2017-07-02'),('2017-07-03'),('2017-07-04'),('2017-07-05'),('2017-07-06'),('2017-07-07'),('2017-07-08'),('2017-07-09'),('2017-07-10'),('2017-07-11'),('2017-07-12'),('2017-07-13'),('2017-07-14'),('2017-07-15'),('2017-07-16'),('2017-07-17'),('2017-07-18'),('2017-07-19'),('2017-07-20'),('2017-07-21'),('2017-07-22'),('2017-07-23'),('2017-07-24'),('2017-07-25'),('2017-07-26'),('2017-07-27'),('2017-07-28'),('2017-07-29'),('2017-07-30'),('2017-07-31'),('2017-08-01'),('2017-08-02'),('2017-08-03'),('2017-08-04'),('2017-08-05'),('2017-08-06'),('2017-08-07'),('2017-08-08'),('2017-08-09'),('2017-08-10'),('2017-08-11'),('2017-08-12'),('2017-08-13'),('2017-08-14'),('2017-08-15'),('2017-08-16'),('2017-08-17'),('2017-08-18'),('2017-08-19'),('2017-08-20'),('2017-08-21'),('2017-08-22'),('2017-08-23'),('2017-08-24'),('2017-08-25'),('2017-08-26'),('2017-08-27'),('2017-08-28'),('2017-08-29'),('2017-08-30'),('2017-08-31'),('2017-09-01'),('2017-09-02'),('2017-09-03'),('2017-09-04'),('2017-09-05'),('2017-09-06'),('2017-09-07'),('2017-09-08'),('2017-09-09'),('2017-09-10'),('2017-09-11'),('2017-09-12'),('2017-09-13'),('2017-09-14'),('2017-09-15'),('2017-09-16'),('2017-09-17'),('2017-09-18'),('2017-09-19'),('2017-09-20'),('2017-09-21'),('2017-09-22'),('2017-09-23'),('2017-09-24'),('2017-09-25'),('2017-09-26'),('2017-09-27'),('2017-09-28'),('2017-09-29'),('2017-09-30'),('2017-10-01'),('2017-10-02'),('2017-10-03'),('2017-10-04'),('2017-10-05'),('2017-10-06'),('2017-10-07'),('2017-10-08'),('2017-10-09'),('2017-10-10'),('2017-10-11'),('2017-10-12'),('2017-10-13'),('2017-10-14'),('2017-10-15'),('2017-10-16'),('2017-10-17'),('2017-10-18'),('2017-10-19'),('2017-10-20'),('2017-10-21'),('2017-10-22'),('2017-10-23'),('2017-10-24'),('2017-10-25'),('2017-10-26'),('2017-10-27'),('2017-10-28'),('2017-10-29'),('2017-10-30'),('2017-10-31'),('2017-11-01'),('2017-11-02'),('2017-11-03'),('2017-11-04'),('2017-11-05'),('2017-11-06'),('2017-11-07'),('2017-11-08'),('2017-11-09'),('2017-11-10'),('2017-11-11'),('2017-11-12'),('2017-11-13'),('2017-11-14'),('2017-11-15'),('2017-11-16'),('2017-11-17'),('2017-11-18'),('2017-11-19'),('2017-11-20'),('2017-11-21'),('2017-11-22'),('2017-11-23'),('2017-11-24'),('2017-11-25'),('2017-11-26'),('2017-11-27'),('2017-11-28'),('2017-11-29'),('2017-11-30'),('2017-12-01'),('2017-12-02'),('2017-12-03'),('2017-12-04'),('2017-12-05'),('2017-12-06'),('2017-12-07'),('2017-12-08'),('2017-12-09'),('2017-12-10'),('2017-12-11'),('2017-12-12'),('2017-12-13'),('2017-12-14'),('2017-12-15'),('2017-12-16'),('2017-12-17'),('2017-12-18'),('2017-12-19'),('2017-12-20'),('2017-12-21'),('2017-12-22'),('2017-12-23'),('2017-12-24'),('2017-12-25'),('2017-12-26'),('2017-12-27'),('2017-12-28'),('2017-12-29'),('2017-12-30'),('2017-12-31'),('2018-01-01'),('2018-01-02'),('2018-01-03'),('2018-01-04'),('2018-01-05'),('2018-01-06'),('2018-01-07'),('2018-01-08'),('2018-01-09'),('2018-01-10'),('2018-01-11'),('2018-01-12'),('2018-01-13'),('2018-01-14'),('2018-01-15'),('2018-01-16'),('2018-01-17'),('2018-01-18'),('2018-01-19'),('2018-01-20'),('2018-01-21'),('2018-01-22'),('2018-01-23'),('2018-01-24'),('2018-01-25'),('2018-01-26'),('2018-01-27'),('2018-01-28'),('2018-01-29'),('2018-01-30'),('2018-01-31'),('2018-02-01'),('2018-02-02'),('2018-02-03'),('2018-02-04'),('2018-02-05'),('2018-02-06'),('2018-02-07'),('2018-02-08'),('2018-02-09'),('2018-02-10'),('2018-02-11'),('2018-02-12'),('2018-02-13'),('2018-02-14'),('2018-02-15'),('2018-02-16'),('2018-02-17'),('2018-02-18'),('2018-02-19'),('2018-02-20'),('2018-02-21'),('2018-02-22'),('2018-02-23'),('2018-02-24'),('2018-02-25'),('2018-02-26'),('2018-02-27'),('2018-02-28'),('2018-03-01'),('2018-03-02'),('2018-03-03'),('2018-03-04'),('2018-03-05'),('2018-03-06'),('2018-03-07'),('2018-03-08'),('2018-03-09'),('2018-03-10'),('2018-03-11'),('2018-03-12'),('2018-03-13'),('2018-03-14'),('2018-03-15'),('2018-03-16'),('2018-03-17'),('2018-03-18'),('2018-03-19'),('2018-03-20'),('2018-03-21'),('2018-03-22'),('2018-03-23'),('2018-03-24'),('2018-03-25'),('2018-03-26'),('2018-03-27'),('2018-03-28'),('2018-03-29'),('2018-03-30'),('2018-03-31'),('2018-04-01'),('2018-04-02'),('2018-04-03'),('2018-04-04'),('2018-04-05'),('2018-04-06'),('2018-04-07'),('2018-04-08'),('2018-04-09'),('2018-04-10'),('2018-04-11'),('2018-04-12'),('2018-04-13'),('2018-04-14'),('2018-04-15'),('2018-04-16'),('2018-04-17'),('2018-04-18'),('2018-04-19'),('2018-04-20'),('2018-04-21'),('2018-04-22'),('2018-04-23'),('2018-04-24'),('2018-04-25'),('2018-04-26'),('2018-04-27'),('2018-04-28'),('2018-04-29'),('2018-04-30'),('2018-05-01'),('2018-05-02'),('2018-05-03'),('2018-05-04'),('2018-05-05'),('2018-05-06'),('2018-05-07'),('2018-05-08'),('2018-05-09'),('2018-05-10'),('2018-05-11'),('2018-05-12'),('2018-05-13'),('2018-05-14'),('2018-05-15'),('2018-05-16'),('2018-05-17'),('2018-05-18'),('2018-05-19'),('2018-05-20'),('2018-05-21'),('2018-05-22'),('2018-05-23'),('2018-05-24'),('2018-05-25'),('2018-05-26'),('2018-05-27'),('2018-05-28'),('2018-05-29'),('2018-05-30'),('2018-05-31'),('2018-06-01'),('2018-06-02'),('2018-06-03'),('2018-06-04'),('2018-06-05'),('2018-06-06'),('2018-06-07'),('2018-06-08'),('2018-06-09'),('2018-06-10'),('2018-06-11'),('2018-06-12'),('2018-06-13'),('2018-06-14'),('2018-06-15'),('2018-06-16'),('2018-06-17'),('2018-06-18'),('2018-06-19'),('2018-06-20'),('2018-06-21'),('2018-06-22'),('2018-06-23'),('2018-06-24'),('2018-06-25'),('2018-06-26'),('2018-06-27'),('2018-06-28'),('2018-06-29'),('2018-06-30'),('2018-07-01'),('2018-07-02'),('2018-07-03'),('2018-07-04'),('2018-07-05'),('2018-07-06'),('2018-07-07'),('2018-07-08'),('2018-07-09'),('2018-07-10'),('2018-07-11'),('2018-07-12'),('2018-07-13'),('2018-07-14'),('2018-07-15'),('2018-07-16'),('2018-07-17'),('2018-07-18'),('2018-07-19'),('2018-07-20'),('2018-07-21'),('2018-07-22'),('2018-07-23'),('2018-07-24'),('2018-07-25'),('2018-07-26'),('2018-07-27'),('2018-07-28'),('2018-07-29'),('2018-07-30'),('2018-07-31'),('2018-08-01'),('2018-08-02'),('2018-08-03'),('2018-08-04'),('2018-08-05'),('2018-08-06'),('2018-08-07'),('2018-08-08'),('2018-08-09'),('2018-08-10'),('2018-08-11'),('2018-08-12'),('2018-08-13'),('2018-08-14'),('2018-08-15'),('2018-08-16'),('2018-08-17'),('2018-08-18'),('2018-08-19'),('2018-08-20'),('2018-08-21'),('2018-08-22'),('2018-08-23'),('2018-08-24'),('2018-08-25'),('2018-08-26'),('2018-08-27'),('2018-08-28'),('2018-08-29'),('2018-08-30'),('2018-08-31'),('2018-09-01'),('2018-09-02'),('2018-09-03'),('2018-09-04'),('2018-09-05'),('2018-09-06'),('2018-09-07'),('2018-09-08'),('2018-09-09'),('2018-09-10'),('2018-09-11'),('2018-09-12'),('2018-09-13'),('2018-09-14'),('2018-09-15'),('2018-09-16'),('2018-09-17'),('2018-09-18'),('2018-09-19'),('2018-09-20'),('2018-09-21'),('2018-09-22'),('2018-09-23'),('2018-09-24'),('2018-09-25'),('2018-09-26'),('2018-09-27'),('2018-09-28'),('2018-09-29'),('2018-09-30'),('2018-10-01'),('2018-10-02'),('2018-10-03'),('2018-10-04'),('2018-10-05'),('2018-10-06'),('2018-10-07'),('2018-10-08'),('2018-10-09'),('2018-10-10'),('2018-10-11'),('2018-10-12'),('2018-10-13'),('2018-10-14'),('2018-10-15'),('2018-10-16'),('2018-10-17'),('2018-10-18'),('2018-10-19'),('2018-10-20'),('2018-10-21'),('2018-10-22'),('2018-10-23'),('2018-10-24'),('2018-10-25'),('2018-10-26'),('2018-10-27'),('2018-10-28'),('2018-10-29'),('2018-10-30'),('2018-10-31'),('2018-11-01'),('2018-11-02'),('2018-11-03'),('2018-11-04'),('2018-11-05'),('2018-11-06'),('2018-11-07'),('2018-11-08'),('2018-11-09'),('2018-11-10'),('2018-11-11'),('2018-11-12'),('2018-11-13'),('2018-11-14'),('2018-11-15'),('2018-11-16'),('2018-11-17'),('2018-11-18'),('2018-11-19'),('2018-11-20'),('2018-11-21'),('2018-11-22'),('2018-11-23'),('2018-11-24'),('2018-11-25'),('2018-11-26'),('2018-11-27'),('2018-11-28'),('2018-11-29'),('2018-11-30'),('2018-12-01'),('2018-12-02'),('2018-12-03'),('2018-12-04'),('2018-12-05'),('2018-12-06'),('2018-12-07'),('2018-12-08'),('2018-12-09'),('2018-12-10'),('2018-12-11'),('2018-12-12'),('2018-12-13'),('2018-12-14'),('2018-12-15'),('2018-12-16'),('2018-12-17'),('2018-12-18'),('2018-12-19'),('2018-12-20'),('2018-12-21'),('2018-12-22'),('2018-12-23'),('2018-12-24'),('2018-12-25'),('2018-12-26'),('2018-12-27'),('2018-12-28'),('2018-12-29'),('2018-12-30'),('2018-12-31'),('2019-01-01'),('2019-01-02'),('2019-01-03'),('2019-01-04'),('2019-01-05'),('2019-01-06'),('2019-01-07'),('2019-01-08'),('2019-01-09'),('2019-01-10'),('2019-01-11'),('2019-01-12'),('2019-01-13'),('2019-01-14'),('2019-01-15'),('2019-01-16'),('2019-01-17'),('2019-01-18'),('2019-01-19'),('2019-01-20'),('2019-01-21'),('2019-01-22'),('2019-01-23'),('2019-01-24'),('2019-01-25'),('2019-01-26'),('2019-01-27'),('2019-01-28'),('2019-01-29'),('2019-01-30'),('2019-01-31'),('2019-02-01'),('2019-02-02'),('2019-02-03'),('2019-02-04'),('2019-02-05'),('2019-02-06'),('2019-02-07'),('2019-02-08'),('2019-02-09'),('2019-02-10'),('2019-02-11'),('2019-02-12'),('2019-02-13'),('2019-02-14'),('2019-02-15'),('2019-02-16'),('2019-02-17'),('2019-02-18'),('2019-02-19'),('2019-02-20'),('2019-02-21'),('2019-02-22'),('2019-02-23'),('2019-02-24'),('2019-02-25'),('2019-02-26'),('2019-02-27'),('2019-02-28'),('2019-03-01'),('2019-03-02'),('2019-03-03'),('2019-03-04'),('2019-03-05'),('2019-03-06'),('2019-03-07'),('2019-03-08'),('2019-03-09'),('2019-03-10'),('2019-03-11'),('2019-03-12'),('2019-03-13'),('2019-03-14'),('2019-03-15'),('2019-03-16'),('2019-03-17'),('2019-03-18'),('2019-03-19'),('2019-03-20'),('2019-03-21'),('2019-03-22'),('2019-03-23'),('2019-03-24'),('2019-03-25'),('2019-03-26'),('2019-03-27'),('2019-03-28'),('2019-03-29'),('2019-03-30'),('2019-03-31'),('2019-04-01'),('2019-04-02'),('2019-04-03'),('2019-04-04'),('2019-04-05'),('2019-04-06'),('2019-04-07'),('2019-04-08'),('2019-04-09'),('2019-04-10'),('2019-04-11'),('2019-04-12'),('2019-04-13'),('2019-04-14'),('2019-04-15'),('2019-04-16'),('2019-04-17'),('2019-04-18'),('2019-04-19'),('2019-04-20'),('2019-04-21'),('2019-04-22'),('2019-04-23'),('2019-04-24'),('2019-04-25'),('2019-04-26'),('2019-04-27'),('2019-04-28'),('2019-04-29'),('2019-04-30'),('2019-05-01'),('2019-05-02'),('2019-05-03'),('2019-05-04'),('2019-05-05'),('2019-05-06'),('2019-05-07'),('2019-05-08'),('2019-05-09'),('2019-05-10'),('2019-05-11'),('2019-05-12'),('2019-05-13'),('2019-05-14'),('2019-05-15'),('2019-05-16'),('2019-05-17'),('2019-05-18'),('2019-05-19'),('2019-05-20'),('2019-05-21'),('2019-05-22'),('2019-05-23'),('2019-05-24'),('2019-05-25'),('2019-05-26'),('2019-05-27'),('2019-05-28'),('2019-05-29'),('2019-05-30'),('2019-05-31'),('2019-06-01'),('2019-06-02'),('2019-06-03'),('2019-06-04'),('2019-06-05'),('2019-06-06'),('2019-06-07'),('2019-06-08'),('2019-06-09'),('2019-06-10'),('2019-06-11'),('2019-06-12'),('2019-06-13'),('2019-06-14'),('2019-06-15'),('2019-06-16'),('2019-06-17'),('2019-06-18'),('2019-06-19'),('2019-06-20'),('2019-06-21'),('2019-06-22'),('2019-06-23'),('2019-06-24'),('2019-06-25'),('2019-06-26'),('2019-06-27'),('2019-06-28'),('2019-06-29'),('2019-06-30'),('2019-07-01'),('2019-07-02'),('2019-07-03'),('2019-07-04'),('2019-07-05'),('2019-07-06'),('2019-07-07'),('2019-07-08'),('2019-07-09'),('2019-07-10'),('2019-07-11'),('2019-07-12'),('2019-07-13'),('2019-07-14'),('2019-07-15'),('2019-07-16'),('2019-07-17'),('2019-07-18'),('2019-07-19'),('2019-07-20'),('2019-07-21'),('2019-07-22'),('2019-07-23'),('2019-07-24'),('2019-07-25'),('2019-07-26'),('2019-07-27'),('2019-07-28'),('2019-07-29'),('2019-07-30'),('2019-07-31'),('2019-08-01'),('2019-08-02'),('2019-08-03'),('2019-08-04'),('2019-08-05'),('2019-08-06'),('2019-08-07'),('2019-08-08'),('2019-08-09'),('2019-08-10'),('2019-08-11'),('2019-08-12'),('2019-08-13'),('2019-08-14'),('2019-08-15'),('2019-08-16'),('2019-08-17'),('2019-08-18'),('2019-08-19'),('2019-08-20'),('2019-08-21'),('2019-08-22'),('2019-08-23'),('2019-08-24'),('2019-08-25'),('2019-08-26'),('2019-08-27'),('2019-08-28'),('2019-08-29'),('2019-08-30'),('2019-08-31'),('2019-09-01'),('2019-09-02'),('2019-09-03'),('2019-09-04'),('2019-09-05'),('2019-09-06'),('2019-09-07'),('2019-09-08'),('2019-09-09'),('2019-09-10'),('2019-09-11'),('2019-09-12'),('2019-09-13'),('2019-09-14'),('2019-09-15'),('2019-09-16'),('2019-09-17'),('2019-09-18'),('2019-09-19'),('2019-09-20'),('2019-09-21'),('2019-09-22'),('2019-09-23'),('2019-09-24'),('2019-09-25'),('2019-09-26'),('2019-09-27'),('2019-09-28'),('2019-09-29'),('2019-09-30'),('2019-10-01'),('2019-10-02'),('2019-10-03'),('2019-10-04'),('2019-10-05'),('2019-10-06'),('2019-10-07'),('2019-10-08'),('2019-10-09'),('2019-10-10'),('2019-10-11'),('2019-10-12'),('2019-10-13'),('2019-10-14'),('2019-10-15'),('2019-10-16'),('2019-10-17'),('2019-10-18'),('2019-10-19'),('2019-10-20'),('2019-10-21'),('2019-10-22'),('2019-10-23'),('2019-10-24'),('2019-10-25'),('2019-10-26'),('2019-10-27'),('2019-10-28'),('2019-10-29'),('2019-10-30'),('2019-10-31'),('2019-11-01'),('2019-11-02'),('2019-11-03'),('2019-11-04'),('2019-11-05'),('2019-11-06'),('2019-11-07'),('2019-11-08'),('2019-11-09'),('2019-11-10'),('2019-11-11'),('2019-11-12'),('2019-11-13'),('2019-11-14'),('2019-11-15'),('2019-11-16'),('2019-11-17'),('2019-11-18'),('2019-11-19'),('2019-11-20'),('2019-11-21'),('2019-11-22'),('2019-11-23'),('2019-11-24'),('2019-11-25'),('2019-11-26'),('2019-11-27'),('2019-11-28'),('2019-11-29'),('2019-11-30'),('2019-12-01'),('2019-12-02'),('2019-12-03'),('2019-12-04'),('2019-12-05'),('2019-12-06'),('2019-12-07'),('2019-12-08'),('2019-12-09'),('2019-12-10'),('2019-12-11'),('2019-12-12'),('2019-12-13'),('2019-12-14'),('2019-12-15'),('2019-12-16'),('2019-12-17'),('2019-12-18'),('2019-12-19'),('2019-12-20'),('2019-12-21'),('2019-12-22'),('2019-12-23'),('2019-12-24'),('2019-12-25'),('2019-12-26'),('2019-12-27'),('2019-12-28'),('2019-12-29'),('2019-12-30'),('2019-12-31'),('2020-01-01'),('2020-01-02'),('2020-01-03'),('2020-01-04'),('2020-01-05'),('2020-01-06'),('2020-01-07'),('2020-01-08'),('2020-01-09'),('2020-01-10'),('2020-01-11'),('2020-01-12'),('2020-01-13'),('2020-01-14'),('2020-01-15'),('2020-01-16'),('2020-01-17'),('2020-01-18'),('2020-01-19'),('2020-01-20'),('2020-01-21'),('2020-01-22'),('2020-01-23'),('2020-01-24'),('2020-01-25'),('2020-01-26'),('2020-01-27'),('2020-01-28'),('2020-01-29'),('2020-01-30'),('2020-01-31'),('2020-02-01'),('2020-02-02'),('2020-02-03'),('2020-02-04'),('2020-02-05'),('2020-02-06'),('2020-02-07'),('2020-02-08'),('2020-02-09'),('2020-02-10'),('2020-02-11'),('2020-02-12'),('2020-02-13'),('2020-02-14'),('2020-02-15'),('2020-02-16'),('2020-02-17'),('2020-02-18'),('2020-02-19'),('2020-02-20'),('2020-02-21'),('2020-02-22'),('2020-02-23'),('2020-02-24'),('2020-02-25'),('2020-02-26'),('2020-02-27'),('2020-02-28'),('2020-02-29'),('2020-03-01'),('2020-03-02'),('2020-03-03'),('2020-03-04'),('2020-03-05'),('2020-03-06'),('2020-03-07'),('2020-03-08'),('2020-03-09'),('2020-03-10'),('2020-03-11'),('2020-03-12'),('2020-03-13'),('2020-03-14'),('2020-03-15'),('2020-03-16'),('2020-03-17'),('2020-03-18'),('2020-03-19'),('2020-03-20'),('2020-03-21'),('2020-03-22'),('2020-03-23'),('2020-03-24'),('2020-03-25'),('2020-03-26'),('2020-03-27'),('2020-03-28'),('2020-03-29'),('2020-03-30'),('2020-03-31'),('2020-04-01'),('2020-04-02'),('2020-04-03'),('2020-04-04'),('2020-04-05'),('2020-04-06'),('2020-04-07'),('2020-04-08'),('2020-04-09'),('2020-04-10'),('2020-04-11'),('2020-04-12'),('2020-04-13'),('2020-04-14'),('2020-04-15'),('2020-04-16'),('2020-04-17'),('2020-04-18'),('2020-04-19'),('2020-04-20'),('2020-04-21'),('2020-04-22'),('2020-04-23'),('2020-04-24'),('2020-04-25'),('2020-04-26'),('2020-04-27'),('2020-04-28'),('2020-04-29'),('2020-04-30'),('2020-05-01'),('2020-05-02'),('2020-05-03'),('2020-05-04'),('2020-05-05'),('2020-05-06'),('2020-05-07'),('2020-05-08'),('2020-05-09'),('2020-05-10'),('2020-05-11'),('2020-05-12'),('2020-05-13'),('2020-05-14'),('2020-05-15'),('2020-05-16'),('2020-05-17'),('2020-05-18'),('2020-05-19'),('2020-05-20'),('2020-05-21'),('2020-05-22'),('2020-05-23'),('2020-05-24'),('2020-05-25'),('2020-05-26'),('2020-05-27'),('2020-05-28'),('2020-05-29'),('2020-05-30'),('2020-05-31'),('2020-06-01'),('2020-06-02'),('2020-06-03'),('2020-06-04'),('2020-06-05'),('2020-06-06'),('2020-06-07'),('2020-06-08'),('2020-06-09'),('2020-06-10'),('2020-06-11'),('2020-06-12'),('2020-06-13'),('2020-06-14'),('2020-06-15'),('2020-06-16'),('2020-06-17'),('2020-06-18'),('2020-06-19'),('2020-06-20'),('2020-06-21'),('2020-06-22'),('2020-06-23'),('2020-06-24'),('2020-06-25'),('2020-06-26'),('2020-06-27'),('2020-06-28'),('2020-06-29'),('2020-06-30'),('2020-07-01'),('2020-07-02'),('2020-07-03'),('2020-07-04'),('2020-07-05'),('2020-07-06'),('2020-07-07'),('2020-07-08'),('2020-07-09'),('2020-07-10'),('2020-07-11'),('2020-07-12'),('2020-07-13'),('2020-07-14'),('2020-07-15'),('2020-07-16'),('2020-07-17'),('2020-07-18'),('2020-07-19'),('2020-07-20'),('2020-07-21'),('2020-07-22'),('2020-07-23'),('2020-07-24'),('2020-07-25'),('2020-07-26'),('2020-07-27'),('2020-07-28'),('2020-07-29'),('2020-07-30'),('2020-07-31'),('2020-08-01'),('2020-08-02'),('2020-08-03'),('2020-08-04'),('2020-08-05'),('2020-08-06'),('2020-08-07'),('2020-08-08'),('2020-08-09'),('2020-08-10'),('2020-08-11'),('2020-08-12'),('2020-08-13'),('2020-08-14'),('2020-08-15'),('2020-08-16'),('2020-08-17'),('2020-08-18'),('2020-08-19'),('2020-08-20'),('2020-08-21'),('2020-08-22'),('2020-08-23'),('2020-08-24'),('2020-08-25'),('2020-08-26'),('2020-08-27'),('2020-08-28'),('2020-08-29'),('2020-08-30'),('2020-08-31'),('2020-09-01'),('2020-09-02'),('2020-09-03'),('2020-09-04'),('2020-09-05'),('2020-09-06'),('2020-09-07'),('2020-09-08'),('2020-09-09'),('2020-09-10'),('2020-09-11'),('2020-09-12'),('2020-09-13'),('2020-09-14'),('2020-09-15'),('2020-09-16'),('2020-09-17'),('2020-09-18'),('2020-09-19'),('2020-09-20'),('2020-09-21'),('2020-09-22'),('2020-09-23'),('2020-09-24'),('2020-09-25'),('2020-09-26'),('2020-09-27'),('2020-09-28'),('2020-09-29'),('2020-09-30'),('2020-10-01'),('2020-10-02'),('2020-10-03'),('2020-10-04'),('2020-10-05'),('2020-10-06'),('2020-10-07'),('2020-10-08'),('2020-10-09'),('2020-10-10'),('2020-10-11'),('2020-10-12'),('2020-10-13'),('2020-10-14'),('2020-10-15'),('2020-10-16'),('2020-10-17'),('2020-10-18'),('2020-10-19'),('2020-10-20'),('2020-10-21'),('2020-10-22'),('2020-10-23'),('2020-10-24'),('2020-10-25'),('2020-10-26'),('2020-10-27'),('2020-10-28'),('2020-10-29'),('2020-10-30'),('2020-10-31'),('2020-11-01'),('2020-11-02'),('2020-11-03'),('2020-11-04'),('2020-11-05'),('2020-11-06'),('2020-11-07'),('2020-11-08'),('2020-11-09'),('2020-11-10'),('2020-11-11'),('2020-11-12'),('2020-11-13'),('2020-11-14'),('2020-11-15'),('2020-11-16'),('2020-11-17'),('2020-11-18'),('2020-11-19'),('2020-11-20'),('2020-11-21'),('2020-11-22'),('2020-11-23'),('2020-11-24'),('2020-11-25'),('2020-11-26'),('2020-11-27'),('2020-11-28'),('2020-11-29'),('2020-11-30'),('2020-12-01'),('2020-12-02'),('2020-12-03'),('2020-12-04'),('2020-12-05'),('2020-12-06'),('2020-12-07'),('2020-12-08'),('2020-12-09'),('2020-12-10'),('2020-12-11'),('2020-12-12'),('2020-12-13'),('2020-12-14'),('2020-12-15'),('2020-12-16'),('2020-12-17'),('2020-12-18'),('2020-12-19'),('2020-12-20'),('2020-12-21'),('2020-12-22'),('2020-12-23'),('2020-12-24'),('2020-12-25'),('2020-12-26'),('2020-12-27'),('2020-12-28'),('2020-12-29'),('2020-12-30'),('2020-12-31'),('2021-01-01'),('2021-01-02'),('2021-01-03'),('2021-01-04'),('2021-01-05'),('2021-01-06'),('2021-01-07'),('2021-01-08'),('2021-01-09'),('2021-01-10'),('2021-01-11'),('2021-01-12'),('2021-01-13'),('2021-01-14'),('2021-01-15'),('2021-01-16'),('2021-01-17'),('2021-01-18'),('2021-01-19'),('2021-01-20'),('2021-01-21'),('2021-01-22'),('2021-01-23'),('2021-01-24'),('2021-01-25'),('2021-01-26'),('2021-01-27'),('2021-01-28'),('2021-01-29'),('2021-01-30'),('2021-01-31'),('2021-02-01'),('2021-02-02'),('2021-02-03'),('2021-02-04'),('2021-02-05'),('2021-02-06'),('2021-02-07'),('2021-02-08'),('2021-02-09'),('2021-02-10'),('2021-02-11'),('2021-02-12'),('2021-02-13'),('2021-02-14'),('2021-02-15'),('2021-02-16'),('2021-02-17'),('2021-02-18'),('2021-02-19'),('2021-02-20'),('2021-02-21'),('2021-02-22'),('2021-02-23'),('2021-02-24'),('2021-02-25'),('2021-02-26'),('2021-02-27'),('2021-02-28'),('2021-03-01'),('2021-03-02'),('2021-03-03'),('2021-03-04'),('2021-03-05'),('2021-03-06'),('2021-03-07'),('2021-03-08'),('2021-03-09'),('2021-03-10'),('2021-03-11'),('2021-03-12'),('2021-03-13'),('2021-03-14'),('2021-03-15'),('2021-03-16'),('2021-03-17'),('2021-03-18'),('2021-03-19'),('2021-03-20'),('2021-03-21'),('2021-03-22'),('2021-03-23'),('2021-03-24'),('2021-03-25'),('2021-03-26'),('2021-03-27'),('2021-03-28'),('2021-03-29'),('2021-03-30'),('2021-03-31'),('2021-04-01'),('2021-04-02'),('2021-04-03'),('2021-04-04'),('2021-04-05'),('2021-04-06'),('2021-04-07'),('2021-04-08'),('2021-04-09'),('2021-04-10'),('2021-04-11'),('2021-04-12'),('2021-04-13'),('2021-04-14'),('2021-04-15'),('2021-04-16'),('2021-04-17'),('2021-04-18'),('2021-04-19'),('2021-04-20'),('2021-04-21'),('2021-04-22'),('2021-04-23'),('2021-04-24'),('2021-04-25'),('2021-04-26'),('2021-04-27'),('2021-04-28'),('2021-04-29'),('2021-04-30'),('2021-05-01'),('2021-05-02'),('2021-05-03'),('2021-05-04'),('2021-05-05'),('2021-05-06'),('2021-05-07'),('2021-05-08'),('2021-05-09'),('2021-05-10'),('2021-05-11'),('2021-05-12'),('2021-05-13'),('2021-05-14'),('2021-05-15'),('2021-05-16'),('2021-05-17'),('2021-05-18'),('2021-05-19'),('2021-05-20'),('2021-05-21'),('2021-05-22'),('2021-05-23'),('2021-05-24'),('2021-05-25'),('2021-05-26'),('2021-05-27'),('2021-05-28'),('2021-05-29'),('2021-05-30'),('2021-05-31'),('2021-06-01'),('2021-06-02'),('2021-06-03'),('2021-06-04'),('2021-06-05'),('2021-06-06'),('2021-06-07'),('2021-06-08'),('2021-06-09'),('2021-06-10'),('2021-06-11'),('2021-06-12'),('2021-06-13'),('2021-06-14'),('2021-06-15'),('2021-06-16'),('2021-06-17'),('2021-06-18'),('2021-06-19'),('2021-06-20'),('2021-06-21'),('2021-06-22'),('2021-06-23'),('2021-06-24'),('2021-06-25'),('2021-06-26'),('2021-06-27'),('2021-06-28'),('2021-06-29'),('2021-06-30'),('2021-07-01'),('2021-07-02'),('2021-07-03'),('2021-07-04'),('2021-07-05'),('2021-07-06'),('2021-07-07'),('2021-07-08'),('2021-07-09'),('2021-07-10'),('2021-07-11'),('2021-07-12'),('2021-07-13'),('2021-07-14'),('2021-07-15'),('2021-07-16'),('2021-07-17'),('2021-07-18'),('2021-07-19'),('2021-07-20'),('2021-07-21'),('2021-07-22'),('2021-07-23'),('2021-07-24'),('2021-07-25'),('2021-07-26'),('2021-07-27'),('2021-07-28'),('2021-07-29'),('2021-07-30'),('2021-07-31'),('2021-08-01'),('2021-08-02'),('2021-08-03'),('2021-08-04'),('2021-08-05'),('2021-08-06'),('2021-08-07'),('2021-08-08'),('2021-08-09'),('2021-08-10'),('2021-08-11'),('2021-08-12'),('2021-08-13'),('2021-08-14'),('2021-08-15'),('2021-08-16'),('2021-08-17'),('2021-08-18'),('2021-08-19'),('2021-08-20'),('2021-08-21'),('2021-08-22'),('2021-08-23'),('2021-08-24'),('2021-08-25'),('2021-08-26'),('2021-08-27'),('2021-08-28'),('2021-08-29'),('2021-08-30'),('2021-08-31'),('2021-09-01'),('2021-09-02'),('2021-09-03'),('2021-09-04'),('2021-09-05'),('2021-09-06'),('2021-09-07'),('2021-09-08'),('2021-09-09'),('2021-09-10'),('2021-09-11'),('2021-09-12'),('2021-09-13'),('2021-09-14'),('2021-09-15'),('2021-09-16'),('2021-09-17'),('2021-09-18'),('2021-09-19'),('2021-09-20'),('2021-09-21'),('2021-09-22'),('2021-09-23'),('2021-09-24'),('2021-09-25'),('2021-09-26'),('2021-09-27'),('2021-09-28'),('2021-09-29'),('2021-09-30'),('2021-10-01'),('2021-10-02'),('2021-10-03'),('2021-10-04'),('2021-10-05'),('2021-10-06'),('2021-10-07'),('2021-10-08'),('2021-10-09'),('2021-10-10'),('2021-10-11'),('2021-10-12'),('2021-10-13'),('2021-10-14'),('2021-10-15'),('2021-10-16'),('2021-10-17'),('2021-10-18'),('2021-10-19'),('2021-10-20'),('2021-10-21'),('2021-10-22'),('2021-10-23'),('2021-10-24'),('2021-10-25'),('2021-10-26'),('2021-10-27'),('2021-10-28'),('2021-10-29'),('2021-10-30'),('2021-10-31'),('2021-11-01'),('2021-11-02'),('2021-11-03'),('2021-11-04'),('2021-11-05'),('2021-11-06'),('2021-11-07'),('2021-11-08'),('2021-11-09'),('2021-11-10'),('2021-11-11'),('2021-11-12'),('2021-11-13'),('2021-11-14'),('2021-11-15'),('2021-11-16'),('2021-11-17'),('2021-11-18'),('2021-11-19'),('2021-11-20'),('2021-11-21'),('2021-11-22'),('2021-11-23'),('2021-11-24'),('2021-11-25'),('2021-11-26'),('2021-11-27'),('2021-11-28'),('2021-11-29'),('2021-11-30'),('2021-12-01'),('2021-12-02'),('2021-12-03'),('2021-12-04'),('2021-12-05');

/*Table structure for table `wz_ch_day_sheet` */

DROP TABLE IF EXISTS `wz_ch_day_sheet`;

CREATE TABLE `wz_ch_day_sheet` (
  `day` char(10) NOT NULL,
  `bag_id` varchar(255) NOT NULL COMMENT '渠道包ID',
  `buss_id` int(11) NOT NULL DEFAULT '-1' COMMENT '关联渠道商ID',
  `register` int(11) NOT NULL DEFAULT '0' COMMENT '注册玩家',
  `bindPhone` int(11) NOT NULL DEFAULT '0' COMMENT '绑定手机',
  `bindAlipay` int(11) NOT NULL DEFAULT '0' COMMENT '绑定支付宝',
  `active` int(11) NOT NULL DEFAULT '0' COMMENT '活跃玩家数',
  `pay_people` int(11) NOT NULL DEFAULT '0' COMMENT '充值人数',
  `fencheng_0` float(12,2) NOT NULL DEFAULT '0.00' COMMENT '税收中产生的渠道分成',
  `recharge_0` float(12,2) NOT NULL DEFAULT '0.00' COMMENT '扣除充值手续费后的充值金额',
  `yingshou_0` float(12,2) NOT NULL DEFAULT '0.00' COMMENT '更真实的平台营收（系统报表会使用），recharge_0 - cash_rmb_1 - fencheng_0',
  `pay_rmb_avg_1` float(12,2) NOT NULL DEFAULT '0.00' COMMENT '人均充值-平台可见',
  `pay_rmb_1` float(12,2) NOT NULL DEFAULT '0.00' COMMENT '充值总额-平台可见',
  `cash_rmb_1` float(12,2) NOT NULL DEFAULT '0.00' COMMENT '兑换总额-平台可见',
  `tax_rmb_1` float(12,2) NOT NULL DEFAULT '0.00' COMMENT '税收总额-平台可见',
  `yingshou_1` float(12,2) NOT NULL DEFAULT '0.00' COMMENT '营收总额-平台可见（未扣除充值渠道手续费），pay_rmb_1 - cash_rmb_1 - fencheng_0',
  `back_1` float(5,2) NOT NULL DEFAULT '0.00' COMMENT '昨日回头率',
  `back_3` float(5,2) NOT NULL DEFAULT '0.00' COMMENT '3日回头率',
  `back_7` float(5,2) NOT NULL DEFAULT '0.00' COMMENT '7日回头率',
  `back_15` float(5,2) NOT NULL DEFAULT '0.00' COMMENT '15日回头率',
  `pay_rmb_avg_2` float(12,2) DEFAULT '0.00' COMMENT '人均充值-渠道可见',
  `pay_rmb_2` float(12,2) DEFAULT '0.00' COMMENT '充值总额-渠道可见',
  `cash_rmb_2` float(12,2) DEFAULT '0.00' COMMENT '兑换总额-渠道可见',
  `tax_rmb_2` float(12,2) DEFAULT '0.00' COMMENT '税收总额-渠道可见',
  `yingshou_2` float(12,2) DEFAULT '0.00' COMMENT '营收总额-渠道可见（未扣除充值渠道手续费），pay_rmb_2 - cash_rmb_2 - fencheng_0',
  PRIMARY KEY (`day`,`bag_id`)
) ENGINE=MyISAM DEFAULT CHARSET=utf8;

/*Table structure for table `wz_day_bag_cash` */

DROP TABLE IF EXISTS `wz_day_bag_cash`;

CREATE TABLE `wz_day_bag_cash` (
  `day` char(10) NOT NULL,
  `bag_id` varchar(255) NOT NULL,
  `bag_kouliang_ratio` decimal(5,4) DEFAULT '0.0000' COMMENT '该天该包关联到的扣量比',
  `buss_id` int(11) DEFAULT NULL COMMENT '该天该包关联的渠道商ID',
  `cash_rmb` int(11) DEFAULT '0' COMMENT '',
  PRIMARY KEY (`day`,`bag_id`)
) ENGINE=MyISAM DEFAULT CHARSET=utf8;

/*Table structure for table `wz_day_bag_recharge` */

DROP TABLE IF EXISTS `wz_day_bag_recharge`;

CREATE TABLE `wz_day_bag_recharge` (
  `day` char(10) NOT NULL,
  `bag_id` varchar(255) NOT NULL COMMENT '渠道包ID',
  `bag_pay_line` int(11) DEFAULT '30000' COMMENT '该日该包关联到的支付扣量起点，单位是元',
  `bag_kouliang_ratio` decimal(5,4) DEFAULT '0.0000' COMMENT '该日该包的扣量比',
  `buss_id` int(11) DEFAULT NULL COMMENT '该日该包可关联到的渠道商ID',
  `pay_rmb` float(11,2) DEFAULT '0.00' COMMENT '该日该包成功充值的钱数，单位元',
  `act_rmb` float(11,2) DEFAULT '0.00' COMMENT '该日该包扣除充值渠道收费后的钱数，单位元',
  `pay_kouliang_rmb` float(11,2) DEFAULT '0.00' COMMENT '该日该包扣量后的成功支付钱数，单位元',
  `pay_times` int(11) DEFAULT NULL COMMENT '该日该包成功充值的次数',
  `pay_people` int(11) DEFAULT NULL COMMENT '该日该包成功充值的人数',
  PRIMARY KEY (`day`,`bag_id`)
) ENGINE=MyISAM DEFAULT CHARSET=utf8;

/*Table structure for table `wz_day_bag_reg_bind_active` */

DROP TABLE IF EXISTS `wz_day_bag_reg_bind_active`;

CREATE TABLE `wz_day_bag_reg_bind_active` (
  `day` char(10) NOT NULL COMMENT '(该表记录每天每个包ID下的创建数，绑定手机数，登陆数)',
  `bag_id` varchar(255) NOT NULL COMMENT '渠道包ID',
  `buss_id` int(11) DEFAULT '-1' COMMENT '该天该包可被关联上的渠道商ID',
  `register` int(11) DEFAULT '0' COMMENT '该天该包注册人数',
  `bindPhone` int(11) DEFAULT '0' COMMENT '该天该包绑定手机人数',
  `bindAlipay` int(11) DEFAULT '0' COMMENT '该天该包绑定支付宝人数',
  `active` int(11) DEFAULT '0' COMMENT '该天该包活跃人数',
  PRIMARY KEY (`day`,`bag_id`)
) ENGINE=MyISAM DEFAULT CHARSET=utf8;

/*Table structure for table `wz_day_bag_tax` */

DROP TABLE IF EXISTS `wz_day_bag_tax`;

CREATE TABLE `wz_day_bag_tax` (
  `day` char(10) NOT NULL COMMENT '日期',
  `bag_id` varchar(255) NOT NULL COMMENT '每天统计时查到的包ID,关联channel_tax里的channel',
  `bag_id_ok` tinyint(1) DEFAULT '0' COMMENT '该天该包是否找到了对应的包ID',
  `bag_sum_tax` bigint(20) NOT NULL DEFAULT '0' COMMENT '该天该包的总税收,单位是金币',
  `bag_tax_line` int(11) DEFAULT '600000' COMMENT '该天该包的扣量起始点，单位是分(与金币保持单位大小一致)',
  `bag_kouliang_ratio` decimal(5,4) DEFAULT '0.0000' COMMENT '该天该包的扣量比，关联channel_tax里的tax',
  `bag_kouliang_tax` bigint(20) DEFAULT '0' COMMENT '该天该包扣量后的总税收，单位是金币',
  `buss_id` int(11) DEFAULT NULL COMMENT '该天该包可被关联上的渠道商ID',
  `buss_fencheng_ratio` decimal(5,4) DEFAULT '0.0000' COMMENT '该天该包可被关联上的渠道商的分成比，对应channel_business里的tax',
  `buss_real_tax` bigint(20) DEFAULT '0' COMMENT '该天该报未扣量时应得的税收，单位是金币',
  `buss_get_tax` bigint(20) DEFAULT '0' COMMENT '该天该包渠道商可得的税收,单位是金币',
  `we_get_tax` bigint(20) DEFAULT '0' COMMENT '该天该包平台可得的税收，单位是金币',
  PRIMARY KEY (`day`,`bag_id`)
) ENGINE=MyISAM DEFAULT CHARSET=utf8;

/*Table structure for table `wz_day_game_room` */

DROP TABLE IF EXISTS `wz_day_game_room`;

CREATE TABLE `wz_day_game_room` (
  `day` char(10) NOT NULL COMMENT '(该表记录每天每个游戏ID内的次数输赢等)',
  `game_id` int(11) NOT NULL COMMENT '游戏ID，与 config.t_game_server_cfg 中的game_id对应',
  `play_people` int(11) DEFAULT '0' COMMENT '游戏人数',
  `play_group` int(11) DEFAULT '0' COMMENT '游戏局数',
  `play_person_time` int(11) DEFAULT '0' COMMENT '游戏人次（比如一局斗地主有3人次）',
  `play_person_time_win` int(11) DEFAULT '0' COMMENT '赢局人次（比如斗地主农民赢了，就是赢2人次输1人次）',
  `play_person_time_lose` int(11) DEFAULT '0' COMMENT '输局人次（比如斗地主农民赢了，就是赢2人次输1人次）',
  `rmb_tax` float(12,2) DEFAULT '0.00' COMMENT '税收，单位元',
  `rmb_add` float(12,2) DEFAULT '0.00' COMMENT '加钱（税收+加钱=玩家赢的钱），单位元',
  `rmb_lose` float(12,2) DEFAULT '0.00' COMMENT '减钱（玩家输的钱），单位元',
  PRIMARY KEY (`day`,`game_id`)
) ENGINE=MyISAM DEFAULT CHARSET=utf8;

/*Table structure for table `wz_game_online_dots` */

DROP TABLE IF EXISTS `wz_game_online_dots`;

CREATE TABLE `wz_game_online_dots` (
  `time` int(11) NOT NULL COMMENT '时间点',
  `first_game_type` int(11) NOT NULL COMMENT '5斗地主 6炸金花 8百人牛牛',
  `second_game_type` int(11) NOT NULL COMMENT '1新手场 2初级场 3 高级场 4富豪场',
  `online` int(11) DEFAULT '0' COMMENT '在线人数',
  PRIMARY KEY (`time`,`first_game_type`,`second_game_type`)
) ENGINE=MyISAM DEFAULT CHARSET=utf8;

/*Table structure for table `wz_game_online_dots_phone` */

DROP TABLE IF EXISTS `wz_game_online_dots_phone`;

CREATE TABLE `wz_game_online_dots_phone` (
  `time` int(11) NOT NULL COMMENT '(该表是对 wz_game_online_dots 的补充，针对区分手机类型的在线人数查看)',
  `total` int(11) NOT NULL DEFAULT '0' COMMENT '总在线',
  `ios` int(11) NOT NULL DEFAULT '0' COMMENT 'ios在线',
  `android` int(11) NOT NULL DEFAULT '0' COMMENT 'android在线',
  PRIMARY KEY (`time`)
) ENGINE=MyISAM DEFAULT CHARSET=utf8;

/*Table structure for table `wz_guid_bag_active` */

DROP TABLE IF EXISTS `wz_guid_bag_active`;

CREATE TABLE `wz_guid_bag_active` (
  `day` char(10) NOT NULL COMMENT '(该表是每天每包玩家活跃记录，活跃依据是有牌局记录)',
  `bag_id` varchar(255) NOT NULL COMMENT '渠道包ID',
  `guid` int(11) NOT NULL COMMENT '玩家ID',
  `buss_id` int(11) NOT NULL COMMENT '该天该包关联到的渠道商ID',
  PRIMARY KEY (`day`,`bag_id`,`guid`)
) ENGINE=MyISAM DEFAULT CHARSET=utf8;

/*Table structure for table `wz_guid_bag_back` */

DROP TABLE IF EXISTS `wz_guid_bag_back`;

CREATE TABLE `wz_guid_bag_back` (
  `day` char(10) NOT NULL,
  `bag_id` varchar(255) NOT NULL,
  `back_1` float(5,2) DEFAULT NULL COMMENT '次日回头率',
  `back_3` float(5,2) DEFAULT NULL COMMENT '三日回头率',
  `back_7` float(5,2) DEFAULT NULL COMMENT '七日回头率',
  `back_15` float(5,2) DEFAULT NULL COMMENT '十五日回头率',
  PRIMARY KEY (`day`,`bag_id`)
) ENGINE=MyISAM DEFAULT CHARSET=utf8;

/*Table structure for table `wz_guid_bag_create` */

DROP TABLE IF EXISTS `wz_guid_bag_create`;

CREATE TABLE `wz_guid_bag_create` (
  `guid` int(11) NOT NULL COMMENT '该表是玩家创建日期记录',
  `day` char(10) DEFAULT NULL COMMENT '日期',
  `bag_id` varchar(255) DEFAULT NULL COMMENT '渠道包ID',
  PRIMARY KEY (`guid`),
  KEY `idx_day` (`day`)
) ENGINE=MyISAM DEFAULT CHARSET=utf8;

/*Table structure for table `wz_product_total` */

DROP TABLE IF EXISTS `wz_product_total`;

CREATE TABLE `wz_product_total` (
  `day` date NOT NULL COMMENT '(该表执行对象是ProductTotalDatasForCall,数据每10分钟会发布到potato上)',
  `countRegister` int(11) DEFAULT '0' COMMENT '该日注册人数',
  `countBindPhone` int(11) DEFAULT '0' COMMENT '该日绑定手机人数',
  `countBindAlipay` int(11) DEFAULT '0' COMMENT '该日绑定支付宝人数',
  `rechargeHadBe` float(11,2) DEFAULT '0.00' COMMENT '该日已经充值金额，单位元，两位小数',
  `rechargeWillBe` float(11,2) DEFAULT '0.00' COMMENT '该日预计充值金额，单位元，两位小数',
  `rechargeTotalPeople` int(11) DEFAULT '0' COMMENT '该日下单人数',
  `rechargePaidPeople` int(11) DEFAULT '0' COMMENT '该日充值人数',
  `rechargePeopleAvg` float(11,2) DEFAULT '0.00' COMMENT '该日充值的人均金额，单位元，两位小数',
  `rechargeTotalTimes` int(11) DEFAULT '0' COMMENT '该日下单总笔数',
  `rechargePaidTimes` int(11) DEFAULT '0' COMMENT '该日充值总笔数',
  `rechargePaidRatio` float(5,2) DEFAULT '0.00' COMMENT '该日充值订单付账百分比',
  `taxHadBe` float(11,2) DEFAULT '0.00' COMMENT '该日税收总额，单位元，两位小数',
  `taxDiZhu` float(11,2) DEFAULT '0.00' COMMENT '该日斗地主税收总额，单位元，两位小数',
  `taxJinHua` float(11,2) DEFAULT '0.00' COMMENT '该日扎金花税收总额，单位元，两位小数',
  `taxNiuNiu` float(11,2) DEFAULT '0.00' COMMENT '该日百人牛牛税收总额，单位元，两位小数',
  `taxLaoHu` float(11,2) DEFAULT '0.00' COMMENT '该日老虎机税收总额，单位元，两位小数',
  `playPeopleHadBe` int(11) DEFAULT '0' COMMENT '该日全部类型游戏活跃人数',
  `playPeopleDiZhu` int(11) DEFAULT '0' COMMENT '该日斗地主活跃人数',
  `playPeopleJinHua` int(11) DEFAULT '0' COMMENT '该日扎金花活跃人数',
  `playPeopleNiuNiu` int(11) DEFAULT '0' COMMENT '该日百人牛牛活跃人数',
  `playPeopleLaoHu` int(11) DEFAULT '0' COMMENT '该日老虎机活跃人数',
  PRIMARY KEY (`day`)
) ENGINE=MyISAM DEFAULT CHARSET=utf8;

/*Table structure for table `wz_proxy_day_order_sum` */

DROP TABLE IF EXISTS `wz_proxy_day_order_sum`;

CREATE TABLE `wz_proxy_day_order_sum` (
  `day` char(10) NOT NULL COMMENT '(该表是统计代理数据表transfer_order_sell的每日每个代理的数据)',
  `proxy_guid` int(11) NOT NULL COMMENT '代理游戏账号guid',
  `sell_people` int(11) DEFAULT '0' COMMENT '该日该代理卖出订单成功的人数',
  `sell_times` int(11) DEFAULT '0' COMMENT '该日该代理卖出订单成功的次数',
  `sell_money` int(11) DEFAULT '0' COMMENT '该日该代理卖出订单成功的总金额，单位是分',
  `purchase_times` int(11) DEFAULT '0' COMMENT '该日该代理买入订单成功的次数',
  `purchase_money` int(11) DEFAULT '0' COMMENT '该日该代理买入订单成功的总金额，单位是分',
  PRIMARY KEY (`day`,`proxy_guid`)
) ENGINE=MyISAM DEFAULT CHARSET=utf8;

/*Table structure for table `wz_recharge_channel_day` */

DROP TABLE IF EXISTS `wz_recharge_channel_day`;

CREATE TABLE `wz_recharge_channel_day` (
  `day` char(10) NOT NULL COMMENT '该表是每天每充值渠道充值金额表',
  `pay_channel_id` int(11) NOT NULL COMMENT '充值渠道ID，和 recharge.t_recharge_channel 中的 id 对应，（0：未知充值渠道，1：苹果沙箱）',
  `pay_total_rmb` float(12,2) DEFAULT '0.00' COMMENT '充值总额，单位元',
  `pay_react_rmb` float(12,2) DEFAULT '0.00' COMMENT '扣除充值渠道费用后的充值总额，单位元',
  PRIMARY KEY (`day`,`pay_channel_id`)
) ENGINE=MyISAM DEFAULT CHARSET=utf8;

/*Table structure for table `wz_sum_every_guid_tax` */

DROP TABLE IF EXISTS `wz_sum_every_guid_tax`;

CREATE TABLE `wz_sum_every_guid_tax` (
  `guid` int(11) NOT NULL,
  `sum_tax_rmb` float(12,2) DEFAULT '0.00' COMMENT '玩家的历史税收总计，单位元',
  `update_time` timestamp NULL DEFAULT NULL COMMENT '累加玩家历史税收数据的时间点',
  PRIMARY KEY (`guid`),
  KEY `idx_update_time` (`update_time`)
) ENGINE=MyISAM DEFAULT CHARSET=utf8;

/*Table structure for table `wz_sys_day_sheet` */

DROP TABLE IF EXISTS `wz_sys_day_sheet`;

CREATE TABLE `wz_sys_day_sheet` (
  `day` char(10) NOT NULL COMMENT '日期（该表是系统报表每日数据）',
  `jiesuan_flag` tinyint(1) NOT NULL DEFAULT '0' COMMENT '结算标识，代码以此识别该日是否被下一日做了结算',
  `jiesuan_time` char(19) DEFAULT NULL COMMENT '结算时间，代码以此标记该日被下一日结算时的时间',
  `yingshou_money` float(12,2) NOT NULL DEFAULT '0.00' COMMENT '营收金额，单位元',
  `fencheng_money` float(12,2) NOT NULL DEFAULT '0.00' COMMENT '渠道分成，单位元',
  `pay_total_money` float(12,2) NOT NULL DEFAULT '0.00' COMMENT '充值总额，单位元',
  `pay_react_money` float(12,2) NOT NULL DEFAULT '0.00' COMMENT '扣除充值渠道税费后的充值总额，单位元',
  `pay_total_people` int(11) NOT NULL DEFAULT '0' COMMENT '充值总人数',
  `pay_total_times` int(11) NOT NULL DEFAULT '0' COMMENT '充值总次数',
  `pay_new_user_money` float(12,2) NOT NULL DEFAULT '0.00' COMMENT '新用户充值金额，单位元',
  `pay_old_user_money` float(12,2) NOT NULL DEFAULT '0.00' COMMENT '老用户充值总金额，单位元',
  `pay_new_user_people` int(11) NOT NULL DEFAULT '0' COMMENT '新用户充值总人数',
  `pay_old_user_people` int(11) NOT NULL DEFAULT '0' COMMENT '老用户充值总人数',
  `pay_arpu` float(12,2) NOT NULL DEFAULT '0.00' COMMENT '日ARPU（日总充值/日登录用户数）',
  `pay_arppu` float(12,2) NOT NULL DEFAULT '0.00' COMMENT '日ARPPU（日总充值/日总充值人数）',
  `pay_day_ratio` float(5,2) NOT NULL DEFAULT '0.00' COMMENT '首日付费率（100*新用户充值总人数/当日注册用户数）',
  `cash_total_money` float(12,2) NOT NULL DEFAULT '0.00' COMMENT '兑换总金额，单位元',
  `cash_total_people` int(11) NOT NULL DEFAULT '0' COMMENT '兑换总人数',
  `cash_total_times` int(11) NOT NULL DEFAULT '0' COMMENT '兑换总次数',
  `cash_new_user_money` float(12,2) NOT NULL DEFAULT '0.00' COMMENT '新用户兑换金额，单位元',
  `cash_old_user_money` float(12,2) NOT NULL DEFAULT '0.00' COMMENT '老用户兑换金额，单位元',
  `cash_new_user_people` int(11) NOT NULL DEFAULT '0' COMMENT '新用户兑换人数',
  `cash_old_user_people` int(11) NOT NULL DEFAULT '0' COMMENT '老用户兑换人数',
  `gold_total_money` float(12,2) NOT NULL DEFAULT '0.00' COMMENT '玩家的总金币/100，实际单位元',
  `gold_bind_money` float(12,2) NOT NULL DEFAULT '0.00' COMMENT '玩家的绑定金币/100，实际单位元',
  `gold_bank_money` float(12,2) NOT NULL DEFAULT '0.00' COMMENT '玩家的银行金币/100，实际单位元',
  `reg_user` int(11) NOT NULL DEFAULT '0' COMMENT '注册用户数量',
  `reg_user_guest` int(11) NOT NULL DEFAULT '0' COMMENT '注册用户游客账号数量',
  `reg_user_format` int(11) NOT NULL DEFAULT '0' COMMENT '注册用户正式账号数量',
  `reg_ip_count` int(11) NOT NULL DEFAULT '0' COMMENT '注册Ip数量',
  `reg_ios` int(11) NOT NULL DEFAULT '0' COMMENT '注册手机IOS数量',
  `reg_android` int(11) NOT NULL DEFAULT '0' COMMENT '注册手机android数量',
  `login_user` int(11) NOT NULL DEFAULT '0' COMMENT '登陆用户数',
  `login_user_guest` int(11) NOT NULL DEFAULT '0' COMMENT '登陆游客用户数',
  `login_user_format` int(11) NOT NULL DEFAULT '0' COMMENT '登陆正式用户数',
  `login_user_new` int(11) NOT NULL DEFAULT '0' COMMENT '登陆新用户数',
  `login_user_old` int(11) NOT NULL DEFAULT '0' COMMENT '登陆旧用户数',
  `login_ip_count` int(11) NOT NULL DEFAULT '0' COMMENT '登陆Ip数',
  `login_ios` int(11) NOT NULL DEFAULT '0' COMMENT '登陆IOS数量',
  `login_android` int(11) NOT NULL DEFAULT '0' COMMENT '登陆android数量',
  `tax_total_money` float(12,2) NOT NULL DEFAULT '0.00' COMMENT '总税收',
  `tax_dizhu_money` float(12,2) NOT NULL DEFAULT '0.00' COMMENT '地主税收',
  `tax_jinhua_money` float(12,2) NOT NULL DEFAULT '0.00' COMMENT '金花税收',
  `tax_niuniu_money` float(12,2) NOT NULL DEFAULT '0.00' COMMENT '牛牛税收',
  `tax_laohu_money` float(12,2) NOT NULL DEFAULT '0.00' COMMENT '老虎机税收',
  `tax_sys_win_money` float(12,2) NOT NULL DEFAULT '0.00' COMMENT '百人牛牛系统输赢金币/100，实际单位元，赢为正输为负',
  `tax_laohu_win_money` float(12,2) NOT NULL DEFAULT '0.00' COMMENT '老虎机系统输赢金币/100，实际单位元，赢正输负',
  `back_1` float(5,2) NOT NULL DEFAULT '0.00' COMMENT '昨日回头率',
  `back_3` float(5,2) NOT NULL DEFAULT '0.00' COMMENT '3日回头率',
  `back_7` float(5,2) NOT NULL DEFAULT '0.00' COMMENT '7日回头率',
  `back_15` float(5,2) NOT NULL DEFAULT '0.00' COMMENT '15日回头率',
  PRIMARY KEY (`day`)
) ENGINE=InnoDB DEFAULT CHARSET=utf8;

/*Table structure for table `wz_sys_month_sheet` */

DROP TABLE IF EXISTS `wz_sys_month_sheet`;

CREATE TABLE `wz_sys_month_sheet` (
  `month` char(7) NOT NULL COMMENT '日期（该表是系统报表每日数据）',
  `jiesuan_flag` tinyint(1) NOT NULL DEFAULT '0' COMMENT '结算标识，代码以此识别该日是否被下一日做了结算',
  `jiesuan_time` char(19) DEFAULT NULL COMMENT '结算时间，代码以此标记该日被下一日结算时的时间',
  `yingshou_money` float(12,2) NOT NULL DEFAULT '0.00' COMMENT '营收金额，单位元',
  `fencheng_money` float(12,2) NOT NULL DEFAULT '0.00' COMMENT '渠道分成，单位元',
  `pay_total_money` float(12,2) NOT NULL DEFAULT '0.00' COMMENT '充值总额，单位元',
  `pay_react_money` float(12,2) NOT NULL DEFAULT '0.00' COMMENT '扣除充值渠道税费后的充值总额，单位元',
  `pay_total_people` int(11) NOT NULL DEFAULT '0' COMMENT '充值总人数',
  `pay_total_times` int(11) NOT NULL DEFAULT '0' COMMENT '充值总次数',
  `pay_arpu` float(12,2) NOT NULL DEFAULT '0.00' COMMENT '月ARPU（月充值总量/月登录用户人数）',
  `pay_arppu` float(12,2) NOT NULL DEFAULT '0.00' COMMENT '月ARPPU（月充值总量/月充值用户人数）',
  `pay_month_ratio` float(5,2) NOT NULL DEFAULT '0.00' COMMENT '月付费率（月充值用户人数/月注册用户数量）',
  `cash_total_money` float(12,2) NOT NULL DEFAULT '0.00' COMMENT '兑换总金额，单位元',
  `cash_total_people` int(11) NOT NULL DEFAULT '0' COMMENT '兑换总人数',
  `cash_total_times` int(11) NOT NULL DEFAULT '0' COMMENT '兑换总次数',
  `gold_total_money` float(12,2) NOT NULL DEFAULT '0.00' COMMENT '玩家的总金币/100，实际单位元',
  `gold_bind_money` float(12,2) NOT NULL DEFAULT '0.00' COMMENT '玩家的绑定金币/100，实际单位元',
  `gold_bank_money` float(12,2) NOT NULL DEFAULT '0.00' COMMENT '玩家的银行金币/100，实际单位元',
  `reg_user` int(11) NOT NULL DEFAULT '0' COMMENT '注册用户数量',
  `reg_user_guest` int(11) NOT NULL DEFAULT '0' COMMENT '注册用户游客账号数量',
  `reg_user_format` int(11) NOT NULL DEFAULT '0' COMMENT '注册用户正式账号数量',
  `reg_ip_count` int(11) NOT NULL DEFAULT '0' COMMENT '注册Ip数量',
  `reg_ios` int(11) NOT NULL DEFAULT '0' COMMENT '注册手机IOS数量',
  `reg_android` int(11) NOT NULL DEFAULT '0' COMMENT '注册手机android数量',
  `login_user` int(11) NOT NULL DEFAULT '0' COMMENT '登陆用户数',
  `login_user_guest` int(11) NOT NULL DEFAULT '0' COMMENT '登陆游客用户数',
  `login_user_format` int(11) NOT NULL DEFAULT '0' COMMENT '登陆正式用户数',
  `login_ip_count` int(11) NOT NULL DEFAULT '0' COMMENT '登陆Ip数',
  `login_ios` int(11) NOT NULL DEFAULT '0' COMMENT '登陆IOS数量',
  `login_android` int(11) NOT NULL DEFAULT '0' COMMENT '登陆android数量',
  `tax_total_money` float(12,2) NOT NULL DEFAULT '0.00' COMMENT '总税收',
  `tax_dizhu_money` float(12,2) NOT NULL DEFAULT '0.00' COMMENT '地主税收',
  `tax_jinhua_money` float(12,2) NOT NULL DEFAULT '0.00' COMMENT '金花税收',
  `tax_niuniu_money` float(12,2) NOT NULL DEFAULT '0.00' COMMENT '牛牛税收',
  `tax_laohu_money` float(12,2) NOT NULL DEFAULT '0.00' COMMENT '老虎机税收',
  `tax_sys_win_money` float(12,2) NOT NULL DEFAULT '0.00' COMMENT '百人牛牛系统输赢金币/100，实际单位元，赢为正输为负',
  `tax_laohu_win_money` float(12,2) NOT NULL DEFAULT '0.00' COMMENT '老虎机系统输赢金币/100，实际单位元，赢正输负',
  PRIMARY KEY (`month`)
) ENGINE=InnoDB DEFAULT CHARSET=utf8;

/*!40101 SET SQL_MODE=@OLD_SQL_MODE */;
/*!40014 SET UNIQUE_CHECKS=@OLD_UNIQUE_CHECKS */;
/*!40111 SET SQL_NOTES=@OLD_SQL_NOTES */;