USE `frame`;

/*Data for the table `menus` */

insert  into `menus`(`id`,`pid`,`name`,`icon`,`slug`,`url`,`active`,`description`,`sort`,`created_at`,`updated_at`) values (1,0,'服务器控制中心','fa fa-dashboard','index.*','#','index/*','后台首页',99,NULL,NULL);
insert  into `menus`(`id`,`pid`,`name`,`icon`,`slug`,`url`,`active`,`description`,`sort`,`created_at`,`updated_at`) values (2,0,'系统功能','fa fa-cog','system.*','#','users/*,roles/*,permissions/*,log/*,gameConfig/*,menus/*,system/*,account/withdraw/cash,account/withdraw/cash/view,account/anti/config','系统功能管理',98,NULL,'2017-07-15 18:11:09');
insert  into `menus`(`id`,`pid`,`name`,`icon`,`slug`,`url`,`active`,`description`,`sort`,`created_at`,`updated_at`) values (3,2,'用户管理','fa fa-users','users.index','users/index','users/*','显示用户管理',0,NULL,NULL);
insert  into `menus`(`id`,`pid`,`name`,`icon`,`slug`,`url`,`active`,`description`,`sort`,`created_at`,`updated_at`) values (4,2,'角色管理','fa fa-male','roles.index','roles/index','roles/*','显示角色管理',0,NULL,NULL);
insert  into `menus`(`id`,`pid`,`name`,`icon`,`slug`,`url`,`active`,`description`,`sort`,`created_at`,`updated_at`) values (5,2,'权限管理','fa fa-paper-plane','permissions.index','permissions/index','permissions/*','显示权限管理',0,NULL,NULL);
insert  into `menus`(`id`,`pid`,`name`,`icon`,`slug`,`url`,`active`,`description`,`sort`,`created_at`,`updated_at`) values (6,2,'操作日志','','log.index','log/index','log/index','操作日志',0,NULL,NULL);
insert  into `menus`(`id`,`pid`,`name`,`icon`,`slug`,`url`,`active`,`description`,`sort`,`created_at`,`updated_at`) values (33,0,'游戏玩家信息管理','fa fa-users','account.*','#','account/*,rank/cash,rank/money','玩家管理',97,NULL,NULL);
insert  into `menus`(`id`,`pid`,`name`,`icon`,`slug`,`url`,`active`,`description`,`sort`,`created_at`,`updated_at`) values (34,33,'玩家列表','','account.index','account/index','account/index','玩家列表',0,NULL,NULL);
insert  into `menus`(`id`,`pid`,`name`,`icon`,`slug`,`url`,`active`,`description`,`sort`,`created_at`,`updated_at`) values (29,28,'私信通知','','notice.specify','notice/specify','notice/specify','充值通知消息页面',0,NULL,NULL);
insert  into `menus`(`id`,`pid`,`name`,`icon`,`slug`,`url`,`active`,`description`,`sort`,`created_at`,`updated_at`) values (43,35,'充值渠道设置','','distribution.index','distribution/index','distribution/*','充值渠道设置',0,NULL,NULL);
insert  into `menus`(`id`,`pid`,`name`,`icon`,`slug`,`url`,`active`,`description`,`sort`,`created_at`,`updated_at`) values (28,0,'游戏信息通知','fa fa-bell','notice.*','#','notice/*','通知管理',0,NULL,NULL);
insert  into `menus`(`id`,`pid`,`name`,`icon`,`slug`,`url`,`active`,`description`,`sort`,`created_at`,`updated_at`) values (40,39,'在线玩家列表','','onlineaccount.index','onlineaccount/index','onlineaccount/index','在线玩家列表',0,NULL,NULL);
insert  into `menus`(`id`,`pid`,`name`,`icon`,`slug`,`url`,`active`,`description`,`sort`,`created_at`,`updated_at`) values (39,0,'在线玩家信息中心','fa fa-user-secret','bi.*','#','bi/*,onlineaccount/*','BI管理',0,NULL,NULL);
insert  into `menus`(`id`,`pid`,`name`,`icon`,`slug`,`url`,`active`,`description`,`sort`,`created_at`,`updated_at`) values (92,88,'用户向代理充值订单','','agent.*','admin/agent/order/list','admin/agent/order/list','用户向代理充值订单',0,NULL,NULL);
insert  into `menus`(`id`,`pid`,`name`,`icon`,`slug`,`url`,`active`,`description`,`sort`,`created_at`,`updated_at`) values (35,0,'充值信息管理','fa fa-paypal','rechargeorder.*','#','rechargeorder/*,distribution/*','充值管理',0,NULL,NULL);
insert  into `menus`(`id`,`pid`,`name`,`icon`,`slug`,`url`,`active`,`description`,`sort`,`created_at`,`updated_at`) values (27,0,' 用户反馈信息中心','fa fa-mail-reply','feedback.*','#','feedback/*','反馈管理',0,NULL,NULL);
insert  into `menus`(`id`,`pid`,`name`,`icon`,`slug`,`url`,`active`,`description`,`sort`,`created_at`,`updated_at`) values (30,28,'系统通知','','notice.system','notice/system','notice/system','系统通知',0,NULL,NULL);
insert  into `menus`(`id`,`pid`,`name`,`icon`,`slug`,`url`,`active`,`description`,`sort`,`created_at`,`updated_at`) values (46,2,'游戏配置','','gameConfig.index','gameConfig/index','gameConfig/index','游戏配置',0,NULL,NULL);
insert  into `menus`(`id`,`pid`,`name`,`icon`,`slug`,`url`,`active`,`description`,`sort`,`created_at`,`updated_at`) values (51,37,'自动打包配置','','channelSetting.index','channelSetting/index','channelSetting/index*,channelSetting/create*','渠道商列表',0,NULL,NULL);
insert  into `menus`(`id`,`pid`,`name`,`icon`,`slug`,`url`,`active`,`description`,`sort`,`created_at`,`updated_at`) values (52,47,'渠道包打包','fa fa-gg-circle','operator.channelset','operator/channelset','operator/channelset','渠道包打包',0,NULL,NULL);
insert  into `menus`(`id`,`pid`,`name`,`icon`,`slug`,`url`,`active`,`description`,`sort`,`created_at`,`updated_at`) values (53,47,'渠道商列表','','operator.index','operator/index','operator/index','渠道商列表',0,NULL,NULL);
insert  into `menus`(`id`,`pid`,`name`,`icon`,`slug`,`url`,`active`,`description`,`sort`,`created_at`,`updated_at`) values (54,0,'充值代理','fa fa-gg-circle','rechargeUsers.index','rechargeUsers/index','rechargeUsers/index,rechargeUsers/transferLog*,rechargeUsers/rechargeLog*','充值代理',0,NULL,NULL);
insert  into `menus`(`id`,`pid`,`name`,`icon`,`slug`,`url`,`active`,`description`,`sort`,`created_at`,`updated_at`) values (55,0,'游戏客户端设置中心','fa fa-gg-circle','client.*','#','client/*','客户端配置',0,NULL,NULL);
insert  into `menus`(`id`,`pid`,`name`,`icon`,`slug`,`url`,`active`,`description`,`sort`,`created_at`,`updated_at`) values (56,55,'配置管理','','client.listConfig','client/listConfig','client/listConfig','配置项列表',0,NULL,NULL);
insert  into `menus`(`id`,`pid`,`name`,`icon`,`slug`,`url`,`active`,`description`,`sort`,`created_at`,`updated_at`) values (57,55,'配置模板管理','','client.template','client/template','client/template','配置模板列表',0,NULL,NULL);
insert  into `menus`(`id`,`pid`,`name`,`icon`,`slug`,`url`,`active`,`description`,`sort`,`created_at`,`updated_at`) values (59,0,'娱乐城游戏版本控制信息','fa fa-gg-circle','version.*','#','version/*','游戏大厅、游戏、框架版本包',0,NULL,NULL);
insert  into `menus`(`id`,`pid`,`name`,`icon`,`slug`,`url`,`active`,`description`,`sort`,`created_at`,`updated_at`) values (60,59,'框架版本管理','','version.frame','version/frame','version/frame','框架版本管理',0,NULL,NULL);
insert  into `menus`(`id`,`pid`,`name`,`icon`,`slug`,`url`,`active`,`description`,`sort`,`created_at`,`updated_at`) values (61,59,'大厅版本管理','','version.hall','version/hall','version/hall','大厅版本管理',0,NULL,NULL);
insert  into `menus`(`id`,`pid`,`name`,`icon`,`slug`,`url`,`active`,`description`,`sort`,`created_at`,`updated_at`) values (62,59,'游戏版本管理','','version.game','version/game','version/game','游戏版本管理',0,NULL,NULL);
insert  into `menus`(`id`,`pid`,`name`,`icon`,`slug`,`url`,`active`,`description`,`sort`,`created_at`,`updated_at`) values (63,2,'菜单管理','','menus.index','menus/index','menus/index,menus/create','菜单管理',0,NULL,NULL);
insert  into `menus`(`id`,`pid`,`name`,`icon`,`slug`,`url`,`active`,`description`,`sort`,`created_at`,`updated_at`) values (64,59,'版本导入','','version.importCreate','version/importCreate','version/importCreate','版本导入',0,NULL,NULL);
insert  into `menus`(`id`,`pid`,`name`,`icon`,`slug`,`url`,`active`,`description`,`sort`,`created_at`,`updated_at`) values (65,2,'清除缓存','','system.clearCache','system/clearCache','system/clearCache','清除缓存',0,NULL,NULL);
insert  into `menus`(`id`,`pid`,`name`,`icon`,`slug`,`url`,`active`,`description`,`sort`,`created_at`,`updated_at`) values (67,27,'反馈管理','','feedback.*','feedback/listFeedback','feedback/listFeedback','反馈管理',0,NULL,NULL);
insert  into `menus`(`id`,`pid`,`name`,`icon`,`slug`,`url`,`active`,`description`,`sort`,`created_at`,`updated_at`) values (84,2,'维护开关','','gameConfig.switchList','gameConfig/switchList','gameConfig/switchList','维护开关',0,NULL,NULL);
insert  into `menus`(`id`,`pid`,`name`,`icon`,`slug`,`url`,`active`,`description`,`sort`,`created_at`,`updated_at`) values (82,2,'提现管理','','account.cash','account/withdraw/cash','account/withdraw/cash,account/withdraw/cash/view','提现管理',0,NULL,NULL);
insert  into `menus`(`id`,`pid`,`name`,`icon`,`slug`,`url`,`active`,`description`,`sort`,`created_at`,`updated_at`) values (80,27,'快捷回复','','feedback.*','feedback/quickReplyList','feedback/quickReplyList','快捷回复',0,NULL,NULL);
insert  into `menus`(`id`,`pid`,`name`,`icon`,`slug`,`url`,`active`,`description`,`sort`,`created_at`,`updated_at`) values (85,33,'金币排行榜','','rank.gold','rank/gold','rank/gold','',0,NULL,NULL);
insert  into `menus`(`id`,`pid`,`name`,`icon`,`slug`,`url`,`active`,`description`,`sort`,`created_at`,`updated_at`) values (86,55,'错误日志','','client.*','client/errors/logs','client/errors/*','',0,NULL,NULL);
insert  into `menus`(`id`,`pid`,`name`,`icon`,`slug`,`url`,`active`,`description`,`sort`,`created_at`,`updated_at`) values (87,2,'反洗钱设置','','account.cash','account/anti/config','account/anti/config','',0,NULL,NULL);
insert  into `menus`(`id`,`pid`,`name`,`icon`,`slug`,`url`,`active`,`description`,`sort`,`created_at`,`updated_at`) values (88,0,'游戏代理信息','fa fa-gg-circle','agent.*','#','admin/agent/*','',96,NULL,NULL);
insert  into `menus`(`id`,`pid`,`name`,`icon`,`slug`,`url`,`active`,`description`,`sort`,`created_at`,`updated_at`) values (89,88,'代理列表','','agent.*','/admin/agent/index','admin/agent/index','',0,NULL,NULL);
insert  into `menus`(`id`,`pid`,`name`,`icon`,`slug`,`url`,`active`,`description`,`sort`,`created_at`,`updated_at`) values (90,88,'向代理转账记录','','agent.*','/admin/agent/transfer/list','admin/agent/transfer/*','',0,NULL,NULL);
insert  into `menus`(`id`,`pid`,`name`,`icon`,`slug`,`url`,`active`,`description`,`sort`,`created_at`,`updated_at`) values (91,88,'用户向代理提现列表','','agent.*','/admin/agent/reflect/list','admin/agent/reflect/list','',0,NULL,NULL);
insert  into `menus`(`id`,`pid`,`name`,`icon`,`slug`,`url`,`active`,`description`,`sort`,`created_at`,`updated_at`) values (96,0,'充值统计','fa fa-gg-circle','statistics.*','#','statistics/*','',95,NULL,NULL);
insert  into `menus`(`id`,`pid`,`name`,`icon`,`slug`,`url`,`active`,`description`,`sort`,`created_at`,`updated_at`) values (101,96,'渠道充值统计','','statistics.channel','statistics/channel','statistics/channel','',0,NULL,NULL);
insert  into `menus`(`id`,`pid`,`name`,`icon`,`slug`,`url`,`active`,`description`,`sort`,`created_at`,`updated_at`) values (98,96,'渠道历史统计','','statistics.detail','statistics/detail','statistics/detail','',0,NULL,NULL);
insert  into `menus`(`id`,`pid`,`name`,`icon`,`slug`,`url`,`active`,`description`,`sort`,`created_at`,`updated_at`) values (99,96,'每小时充值总数','','statistics.hour','statistics/hour','statistics/hour','每小时充值总数',0,NULL,NULL);
insert  into `menus`(`id`,`pid`,`name`,`icon`,`slug`,`url`,`active`,`description`,`sort`,`created_at`,`updated_at`) values (100,96,'累计充值人数','','statistics.paycount','statistics/paycount','statistics/paycount','',0,NULL,NULL);
insert  into `menus`(`id`,`pid`,`name`,`icon`,`slug`,`url`,`active`,`description`,`sort`,`created_at`,`updated_at`) values (97,96,'当日实时渠道统计','','statistics.today','statistics/today','statistics/today','',0,NULL,NULL);
insert  into `menus`(`id`,`pid`,`name`,`icon`,`slug`,`url`,`active`,`description`,`sort`,`created_at`,`updated_at`) values (10,0,'统计管理','fa fa-gg-circle','newindex.*','#','newindex/*','统计管理',99,NULL,NULL);
insert  into `menus`(`id`,`pid`,`name`,`icon`,`slug`,`url`,`active`,`description`,`sort`,`created_at`,`updated_at`) values (11,10,'综合统计','','newindex.index','newindex/index','newindex/index','',0,NULL,NULL);
insert  into `menus`(`id`,`pid`,`name`,`icon`,`slug`,`url`,`active`,`description`,`sort`,`created_at`,`updated_at`) values (12,16,'渠道列表','','operator.showlist','operator/showlist','operator/showlist','',0,NULL,NULL);
insert  into `menus`(`id`,`pid`,`name`,`icon`,`slug`,`url`,`active`,`description`,`sort`,`created_at`,`updated_at`) values (13,16,'渠道包列表','','operator.showPack','operator/showPack','opreator/showPack','',0,NULL,NULL);
insert  into `menus`(`id`,`pid`,`name`,`icon`,`slug`,`url`,`active`,`description`,`sort`,`created_at`,`updated_at`) values (14,16,'渠道日统计','','operatorCounts.*','operatorCounts/index','operatorCounts/index','',0,NULL,NULL);
insert  into `menus`(`id`,`pid`,`name`,`icon`,`slug`,`url`,`active`,`description`,`sort`,`created_at`,`updated_at`) values (15,16,'渠道月统计','','operatorCounts.*','operatorCounts/moth','operatorCounts/moth','',0,NULL,NULL);
insert  into `menus`(`id`,`pid`,`name`,`icon`,`slug`,`url`,`active`,`description`,`sort`,`created_at`,`updated_at`) values (16,0,'渠道管理','fa fa-gg-circle','operatorCounts.*','#','operatorCounts/*','',94,NULL,NULL);
insert  into `menus`(`id`,`pid`,`name`,`icon`,`slug`,`url`,`active`,`description`,`sort`,`created_at`,`updated_at`) values (17,2,'游戏开关','','gameSwitch.*','gameSwitch/index','gameSwitch/index','',0,NULL,NULL);
insert  into `menus`(`id`,`pid`,`name`,`icon`,`slug`,`url`,`active`,`description`,`sort`,`created_at`,`updated_at`) values (102,0,'渠道管理1','','channel.*','#',' operator/*','',0,NULL,NULL);
insert  into `menus`(`id`,`pid`,`name`,`icon`,`slug`,`url`,`active`,`description`,`sort`,`created_at`,`updated_at`) values (105,10,'金币统计','','newindex.coin','newindex/coin','newindex/coin','金币统计',0,NULL,NULL);
insert  into `menus`(`id`,`pid`,`name`,`icon`,`slug`,`url`,`active`,`description`,`sort`,`created_at`,`updated_at`) values (122,33,'玩家提现排行','','rank.cash','rank/cash','rank/cash','',0,NULL,NULL);
insert  into `menus`(`id`,`pid`,`name`,`icon`,`slug`,`url`,`active`,`description`,`sort`,`created_at`,`updated_at`) values (103,1,'机器人库存','fa fa-dashboard','index.robot','index/robot','index/index','机器人库存',99,NULL,NULL);
insert  into `menus`(`id`,`pid`,`name`,`icon`,`slug`,`url`,`active`,`description`,`sort`,`created_at`,`updated_at`) values (104,1,'服务器状态','','index.index','index/index','index/*','服务器状态',0,NULL,NULL);
insert  into `menus`(`id`,`pid`,`name`,`icon`,`slug`,`url`,`active`,`description`,`sort`,`created_at`,`updated_at`) values (106,10,'充值数据统计','','newindex.recharge','newindex/recharge','newindex/recharge','充值数据统计',0,NULL,NULL);
insert  into `menus`(`id`,`pid`,`name`,`icon`,`slug`,`url`,`active`,`description`,`sort`,`created_at`,`updated_at`) values (107,10,'玩家输赢排行榜','','newindex.wintop','newindex/wintop','newindex/wintop','玩家输赢排行榜',0,NULL,NULL);
insert  into `menus`(`id`,`pid`,`name`,`icon`,`slug`,`url`,`active`,`description`,`sort`,`created_at`,`updated_at`) values (108,0,'伙牌分析','fa fa-gg-circle','flogging.*','#','flogging/*','伙牌分析',0,NULL,NULL);
insert  into `menus`(`id`,`pid`,`name`,`icon`,`slug`,`url`,`active`,`description`,`sort`,`created_at`,`updated_at`) values (109,108,'封号设置','','flogging.index','flogging/index','flogging/index','伙牌封号设置',0,NULL,NULL);
insert  into `menus`(`id`,`pid`,`name`,`icon`,`slug`,`url`,`active`,`description`,`sort`,`created_at`,`updated_at`) values (110,108,'游戏白名单','','flogging.whitelist','flogging/whitelist','flogging/whitelist','游戏白名单',0,NULL,NULL);
insert  into `menus`(`id`,`pid`,`name`,`icon`,`slug`,`url`,`active`,`description`,`sort`,`created_at`,`updated_at`) values (111,108,'游戏黑名单','','flogging.blacklist','flogging/blacklist','flogging/blacklist','游戏黑名单',0,NULL,NULL);
insert  into `menus`(`id`,`pid`,`name`,`icon`,`slug`,`url`,`active`,`description`,`sort`,`created_at`,`updated_at`) values (112,108,'斗地主、炸金花','','flogging.landlord_gold','flogging/landlord_gold','flogging/landlord_gold','伙牌分析 斗地主、炸金花',2,NULL,NULL);
insert  into `menus`(`id`,`pid`,`name`,`icon`,`slug`,`url`,`active`,`description`,`sort`,`created_at`,`updated_at`) values (113,108,'杀分机器人','','flogging.robot','flogging/robot','flogging/robot','杀分机器人',0,NULL,NULL);
insert  into `menus`(`id`,`pid`,`name`,`icon`,`slug`,`url`,`active`,`description`,`sort`,`created_at`,`updated_at`) values (114,108,'作弊分析','','flogging.cheat','flogging/cheat','flogging/cheat','',0,NULL,NULL);
insert  into `menus`(`id`,`pid`,`name`,`icon`,`slug`,`url`,`active`,`description`,`sort`,`created_at`,`updated_at`) values (115,108,'炸金花','','flogging.gold','flogging/gold','flogging/gold','伙牌炸金花',1,NULL,NULL);
insert  into `menus`(`id`,`pid`,`name`,`icon`,`slug`,`url`,`active`,`description`,`sort`,`created_at`,`updated_at`) values (116,88,'代理统计信息','','agent.agent','admin/agent/agent','admin/agent/agent','代理统计信息',0,NULL,NULL);
insert  into `menus`(`id`,`pid`,`name`,`icon`,`slug`,`url`,`active`,`description`,`sort`,`created_at`,`updated_at`) values (123,33,'玩家营收排行','','rank.money','rank/money','rank/money','',0,NULL,NULL);
insert  into `menus`(`id`,`pid`,`name`,`icon`,`slug`,`url`,`active`,`description`,`sort`,`created_at`,`updated_at`) values (118,33,'用户提现记录','','account.cash','account/cash','account/cash','用户提现记录',0,NULL,NULL);
insert  into `menus`(`id`,`pid`,`name`,`icon`,`slug`,`url`,`active`,`description`,`sort`,`created_at`,`updated_at`) values (119,33,'用户提现异常记录','','account.errorOrder','account/errorOrder','account/errorOrder','',0,NULL,NULL);
insert  into `menus`(`id`,`pid`,`name`,`icon`,`slug`,`url`,`active`,`description`,`sort`,`created_at`,`updated_at`) values (121,10,'游戏留存','','newindex.keep','newindex/keep','newindex/keep','游戏留存',0,NULL,NULL);
insert  into `menus`(`id`,`pid`,`name`,`icon`,`slug`,`url`,`active`,`description`,`sort`,`created_at`,`updated_at`) values (124,35,'充值订单管理','','rechargeorder.index','rechargeorder/index','rechargeorder/index','',0,NULL,NULL);
insert  into `menus`(`id`,`pid`,`name`,`icon`,`slug`,`url`,`active`,`description`,`sort`,`created_at`,`updated_at`) values (125,35,'充值统计列表','','rechargeorder.count','rechargeorder/count','rechargeorder/count','',0,NULL,NULL);
insert  into `menus`(`id`,`pid`,`name`,`icon`,`slug`,`url`,`active`,`description`,`sort`,`created_at`,`updated_at`) values (126,27,'投诉系统','','feedback.complaints','feedback/complaints','feedback/complaints','投诉系统',0,NULL,NULL);

/*Data for the table `permission_role` */

insert  into `permission_role`(`id`,`permission_id`,`role_id`,`created_at`,`updated_at`) values (1,1,1,NULL,NULL);
insert  into `permission_role`(`id`,`permission_id`,`role_id`,`created_at`,`updated_at`) values (2,2,1,NULL,NULL);
insert  into `permission_role`(`id`,`permission_id`,`role_id`,`created_at`,`updated_at`) values (3,3,1,NULL,NULL);
insert  into `permission_role`(`id`,`permission_id`,`role_id`,`created_at`,`updated_at`) values (4,4,1,NULL,NULL);
insert  into `permission_role`(`id`,`permission_id`,`role_id`,`created_at`,`updated_at`) values (5,5,1,NULL,NULL);
insert  into `permission_role`(`id`,`permission_id`,`role_id`,`created_at`,`updated_at`) values (99,6,1,'2017-07-12 10:54:51','2017-07-12 10:54:51');
insert  into `permission_role`(`id`,`permission_id`,`role_id`,`created_at`,`updated_at`) values (7,7,1,NULL,NULL);
insert  into `permission_role`(`id`,`permission_id`,`role_id`,`created_at`,`updated_at`) values (8,8,1,NULL,NULL);
insert  into `permission_role`(`id`,`permission_id`,`role_id`,`created_at`,`updated_at`) values (9,9,1,NULL,NULL);
insert  into `permission_role`(`id`,`permission_id`,`role_id`,`created_at`,`updated_at`) values (16,16,1,NULL,NULL);
insert  into `permission_role`(`id`,`permission_id`,`role_id`,`created_at`,`updated_at`) values (17,17,1,NULL,NULL);
insert  into `permission_role`(`id`,`permission_id`,`role_id`,`created_at`,`updated_at`) values (18,18,1,NULL,NULL);
insert  into `permission_role`(`id`,`permission_id`,`role_id`,`created_at`,`updated_at`) values (19,19,1,NULL,NULL);
insert  into `permission_role`(`id`,`permission_id`,`role_id`,`created_at`,`updated_at`) values (20,20,1,NULL,NULL);
insert  into `permission_role`(`id`,`permission_id`,`role_id`,`created_at`,`updated_at`) values (21,21,1,NULL,NULL);
insert  into `permission_role`(`id`,`permission_id`,`role_id`,`created_at`,`updated_at`) values (22,22,1,NULL,NULL);
insert  into `permission_role`(`id`,`permission_id`,`role_id`,`created_at`,`updated_at`) values (23,23,1,NULL,NULL);
insert  into `permission_role`(`id`,`permission_id`,`role_id`,`created_at`,`updated_at`) values (24,24,1,NULL,NULL);
insert  into `permission_role`(`id`,`permission_id`,`role_id`,`created_at`,`updated_at`) values (25,25,1,NULL,NULL);
insert  into `permission_role`(`id`,`permission_id`,`role_id`,`created_at`,`updated_at`) values (26,26,1,NULL,NULL);
insert  into `permission_role`(`id`,`permission_id`,`role_id`,`created_at`,`updated_at`) values (27,27,1,NULL,NULL);
insert  into `permission_role`(`id`,`permission_id`,`role_id`,`created_at`,`updated_at`) values (28,28,1,NULL,NULL);
insert  into `permission_role`(`id`,`permission_id`,`role_id`,`created_at`,`updated_at`) values (29,29,1,NULL,NULL);
insert  into `permission_role`(`id`,`permission_id`,`role_id`,`created_at`,`updated_at`) values (30,30,1,NULL,NULL);
insert  into `permission_role`(`id`,`permission_id`,`role_id`,`created_at`,`updated_at`) values (31,31,1,NULL,NULL);
insert  into `permission_role`(`id`,`permission_id`,`role_id`,`created_at`,`updated_at`) values (32,32,1,NULL,NULL);
insert  into `permission_role`(`id`,`permission_id`,`role_id`,`created_at`,`updated_at`) values (33,33,1,NULL,NULL);
insert  into `permission_role`(`id`,`permission_id`,`role_id`,`created_at`,`updated_at`) values (34,34,1,NULL,NULL);
insert  into `permission_role`(`id`,`permission_id`,`role_id`,`created_at`,`updated_at`) values (35,35,1,NULL,NULL);
insert  into `permission_role`(`id`,`permission_id`,`role_id`,`created_at`,`updated_at`) values (36,36,1,NULL,NULL);
insert  into `permission_role`(`id`,`permission_id`,`role_id`,`created_at`,`updated_at`) values (37,37,1,NULL,NULL);
insert  into `permission_role`(`id`,`permission_id`,`role_id`,`created_at`,`updated_at`) values (38,38,1,NULL,NULL);
insert  into `permission_role`(`id`,`permission_id`,`role_id`,`created_at`,`updated_at`) values (39,39,1,NULL,NULL);
insert  into `permission_role`(`id`,`permission_id`,`role_id`,`created_at`,`updated_at`) values (42,40,1,NULL,NULL);
insert  into `permission_role`(`id`,`permission_id`,`role_id`,`created_at`,`updated_at`) values (43,41,1,NULL,NULL);
insert  into `permission_role`(`id`,`permission_id`,`role_id`,`created_at`,`updated_at`) values (44,42,1,NULL,NULL);
insert  into `permission_role`(`id`,`permission_id`,`role_id`,`created_at`,`updated_at`) values (55,43,1,NULL,NULL);
insert  into `permission_role`(`id`,`permission_id`,`role_id`,`created_at`,`updated_at`) values (56,44,1,NULL,NULL);
insert  into `permission_role`(`id`,`permission_id`,`role_id`,`created_at`,`updated_at`) values (57,45,1,NULL,NULL);
insert  into `permission_role`(`id`,`permission_id`,`role_id`,`created_at`,`updated_at`) values (114,96,1,'2017-09-09 14:48:14','2017-09-09 14:48:14');
insert  into `permission_role`(`id`,`permission_id`,`role_id`,`created_at`,`updated_at`) values (113,69,3,'2017-09-09 13:50:27','2017-09-09 13:50:27');
insert  into `permission_role`(`id`,`permission_id`,`role_id`,`created_at`,`updated_at`) values (111,95,1,'2017-08-01 18:37:25','2017-08-01 18:37:25');
insert  into `permission_role`(`id`,`permission_id`,`role_id`,`created_at`,`updated_at`) values (110,94,1,'2017-08-01 14:34:12','2017-08-01 14:34:12');
insert  into `permission_role`(`id`,`permission_id`,`role_id`,`created_at`,`updated_at`) values (109,93,1,'2017-07-31 11:36:21','2017-07-31 11:36:21');
insert  into `permission_role`(`id`,`permission_id`,`role_id`,`created_at`,`updated_at`) values (67,55,1,NULL,NULL);
insert  into `permission_role`(`id`,`permission_id`,`role_id`,`created_at`,`updated_at`) values (68,56,1,NULL,NULL);
insert  into `permission_role`(`id`,`permission_id`,`role_id`,`created_at`,`updated_at`) values (69,57,1,NULL,NULL);
insert  into `permission_role`(`id`,`permission_id`,`role_id`,`created_at`,`updated_at`) values (70,58,1,NULL,NULL);
insert  into `permission_role`(`id`,`permission_id`,`role_id`,`created_at`,`updated_at`) values (71,59,1,NULL,NULL);
insert  into `permission_role`(`id`,`permission_id`,`role_id`,`created_at`,`updated_at`) values (108,92,1,'2017-07-13 18:41:29','2017-07-13 18:41:29');
insert  into `permission_role`(`id`,`permission_id`,`role_id`,`created_at`,`updated_at`) values (106,91,1,'2017-07-13 14:56:49','2017-07-13 14:56:49');
insert  into `permission_role`(`id`,`permission_id`,`role_id`,`created_at`,`updated_at`) values (105,90,1,'2017-07-12 17:38:32','2017-07-12 17:38:32');
insert  into `permission_role`(`id`,`permission_id`,`role_id`,`created_at`,`updated_at`) values (104,89,1,'2017-07-12 14:49:28','2017-07-12 14:49:28');
insert  into `permission_role`(`id`,`permission_id`,`role_id`,`created_at`,`updated_at`) values (76,66,1,NULL,NULL);
insert  into `permission_role`(`id`,`permission_id`,`role_id`,`created_at`,`updated_at`) values (138,109,1,'2017-11-02 15:17:55','2017-11-02 15:17:55');
insert  into `permission_role`(`id`,`permission_id`,`role_id`,`created_at`,`updated_at`) values (78,68,1,NULL,NULL);
insert  into `permission_role`(`id`,`permission_id`,`role_id`,`created_at`,`updated_at`) values (79,69,1,NULL,NULL);
insert  into `permission_role`(`id`,`permission_id`,`role_id`,`created_at`,`updated_at`) values (80,70,1,NULL,NULL);
insert  into `permission_role`(`id`,`permission_id`,`role_id`,`created_at`,`updated_at`) values (81,71,1,NULL,NULL);
insert  into `permission_role`(`id`,`permission_id`,`role_id`,`created_at`,`updated_at`) values (82,72,1,NULL,NULL);
insert  into `permission_role`(`id`,`permission_id`,`role_id`,`created_at`,`updated_at`) values (83,73,1,NULL,NULL);
insert  into `permission_role`(`id`,`permission_id`,`role_id`,`created_at`,`updated_at`) values (103,88,1,'2017-07-12 14:49:28','2017-07-12 14:49:28');
insert  into `permission_role`(`id`,`permission_id`,`role_id`,`created_at`,`updated_at`) values (86,76,1,NULL,NULL);
insert  into `permission_role`(`id`,`permission_id`,`role_id`,`created_at`,`updated_at`) values (88,78,1,NULL,NULL);
insert  into `permission_role`(`id`,`permission_id`,`role_id`,`created_at`,`updated_at`) values (102,87,1,'2017-07-12 14:46:46','2017-07-12 14:46:46');
insert  into `permission_role`(`id`,`permission_id`,`role_id`,`created_at`,`updated_at`) values (101,86,1,'2017-07-12 14:46:46','2017-07-12 14:46:46');
insert  into `permission_role`(`id`,`permission_id`,`role_id`,`created_at`,`updated_at`) values (98,85,1,'2017-07-12 10:53:42','2017-07-12 10:53:42');
insert  into `permission_role`(`id`,`permission_id`,`role_id`,`created_at`,`updated_at`) values (97,84,1,'2017-07-12 10:53:42','2017-07-12 10:53:42');
insert  into `permission_role`(`id`,`permission_id`,`role_id`,`created_at`,`updated_at`) values (100,83,1,'2017-07-12 10:54:51','2017-07-12 10:54:51');
insert  into `permission_role`(`id`,`permission_id`,`role_id`,`created_at`,`updated_at`) values (137,108,1,'2017-11-02 15:17:55','2017-11-02 15:17:55');
insert  into `permission_role`(`id`,`permission_id`,`role_id`,`created_at`,`updated_at`) values (144,118,1,'2017-11-15 13:37:37','2017-11-15 13:37:37');
insert  into `permission_role`(`id`,`permission_id`,`role_id`,`created_at`,`updated_at`) values (143,117,1,'2017-11-14 12:40:57','2017-11-14 12:40:57');
insert  into `permission_role`(`id`,`permission_id`,`role_id`,`created_at`,`updated_at`) values (142,116,1,'2017-11-11 22:01:16','2017-11-11 22:01:16');
insert  into `permission_role`(`id`,`permission_id`,`role_id`,`created_at`,`updated_at`) values (141,115,1,'2017-11-08 14:14:07','2017-11-08 14:14:07');
insert  into `permission_role`(`id`,`permission_id`,`role_id`,`created_at`,`updated_at`) values (140,112,4,'2017-11-04 15:45:53','2017-11-04 15:45:53');
insert  into `permission_role`(`id`,`permission_id`,`role_id`,`created_at`,`updated_at`) values (121,100,1,'2017-10-20 11:20:31','2017-10-20 11:20:31');
insert  into `permission_role`(`id`,`permission_id`,`role_id`,`created_at`,`updated_at`) values (122,99,1,'2017-10-20 15:12:09','2017-10-20 15:12:09');
insert  into `permission_role`(`id`,`permission_id`,`role_id`,`created_at`,`updated_at`) values (123,101,1,'2017-10-20 15:14:26','2017-10-20 15:14:26');
insert  into `permission_role`(`id`,`permission_id`,`role_id`,`created_at`,`updated_at`) values (124,102,1,'2017-10-20 17:22:38','2017-10-20 17:22:38');
insert  into `permission_role`(`id`,`permission_id`,`role_id`,`created_at`,`updated_at`) values (125,103,1,'2017-10-20 18:12:21','2017-10-20 18:12:21');
insert  into `permission_role`(`id`,`permission_id`,`role_id`,`created_at`,`updated_at`) values (126,104,1,'2017-10-20 18:55:49','2017-10-20 18:55:49');
insert  into `permission_role`(`id`,`permission_id`,`role_id`,`created_at`,`updated_at`) values (127,105,1,'2017-11-01 18:42:47','2017-11-01 18:42:47');
insert  into `permission_role`(`id`,`permission_id`,`role_id`,`created_at`,`updated_at`) values (128,106,1,'2017-11-01 18:42:47','2017-11-01 18:42:47');
insert  into `permission_role`(`id`,`permission_id`,`role_id`,`created_at`,`updated_at`) values (129,107,1,'2017-11-01 18:42:48','2017-11-01 18:42:48');
insert  into `permission_role`(`id`,`permission_id`,`role_id`,`created_at`,`updated_at`) values (130,110,1,'2017-11-01 18:42:48','2017-11-01 18:42:48');
insert  into `permission_role`(`id`,`permission_id`,`role_id`,`created_at`,`updated_at`) values (131,111,1,'2017-11-01 18:42:48','2017-11-01 18:42:48');
insert  into `permission_role`(`id`,`permission_id`,`role_id`,`created_at`,`updated_at`) values (132,112,1,'2017-11-01 18:42:48','2017-11-01 18:42:48');
insert  into `permission_role`(`id`,`permission_id`,`role_id`,`created_at`,`updated_at`) values (136,77,1,'2017-11-02 15:17:54','2017-11-02 15:17:54');
insert  into `permission_role`(`id`,`permission_id`,`role_id`,`created_at`,`updated_at`) values (135,67,1,'2017-11-02 15:17:54','2017-11-02 15:17:54');
insert  into `permission_role`(`id`,`permission_id`,`role_id`,`created_at`,`updated_at`) values (139,114,1,'2017-11-03 18:16:40','2017-11-03 18:16:40');
insert  into `permission_role`(`id`,`permission_id`,`role_id`,`created_at`,`updated_at`) values (145,119,1,'2017-11-15 13:50:38','2017-11-15 13:50:38');
insert  into `permission_role`(`id`,`permission_id`,`role_id`,`created_at`,`updated_at`) values (146,120,1,'2017-11-15 13:53:52','2017-11-15 13:53:52');
insert  into `permission_role`(`id`,`permission_id`,`role_id`,`created_at`,`updated_at`) values (147,121,1,'2017-11-16 16:05:59','2017-11-16 16:05:59');
insert  into `permission_role`(`id`,`permission_id`,`role_id`,`created_at`,`updated_at`) values (148,122,1,'2017-11-17 14:22:31','2017-11-17 14:22:31');
insert  into `permission_role`(`id`,`permission_id`,`role_id`,`created_at`,`updated_at`) values (149,123,1,'2017-11-17 19:35:36','2017-11-17 19:35:36');
insert  into `permission_role`(`id`,`permission_id`,`role_id`,`created_at`,`updated_at`) values (150,124,1,'2017-11-19 11:18:16','2017-11-19 11:18:16');
insert  into `permission_role`(`id`,`permission_id`,`role_id`,`created_at`,`updated_at`) values (151,125,1,'2017-11-20 12:46:07','2017-11-20 12:46:07');
insert  into `permission_role`(`id`,`permission_id`,`role_id`,`created_at`,`updated_at`) values (152,126,1,'2017-11-20 13:02:00','2017-11-20 13:02:00');
insert  into `permission_role`(`id`,`permission_id`,`role_id`,`created_at`,`updated_at`) values (153,127,1,'2017-11-20 14:16:30','2017-11-20 14:16:30');
insert  into `permission_role`(`id`,`permission_id`,`role_id`,`created_at`,`updated_at`) values (154,128,1,'2017-11-20 14:27:34','2017-11-20 14:27:34');
insert  into `permission_role`(`id`,`permission_id`,`role_id`,`created_at`,`updated_at`) values (155,129,1,'2017-11-20 14:27:34','2017-11-20 14:27:34');
insert  into `permission_role`(`id`,`permission_id`,`role_id`,`created_at`,`updated_at`) values (156,130,1,'2017-11-20 15:08:15','2017-11-20 15:08:15');
insert  into `permission_role`(`id`,`permission_id`,`role_id`,`created_at`,`updated_at`) values (157,131,1,'2017-11-20 16:44:28','2017-11-20 16:44:28');
insert  into `permission_role`(`id`,`permission_id`,`role_id`,`created_at`,`updated_at`) values (158,132,1,'2017-11-20 16:44:28','2017-11-20 16:44:28');
insert  into `permission_role`(`id`,`permission_id`,`role_id`,`created_at`,`updated_at`) values (159,133,1,'2017-11-20 17:09:17','2017-11-20 17:09:17');
insert  into `permission_role`(`id`,`permission_id`,`role_id`,`created_at`,`updated_at`) values (160,134,1,'2017-11-26 21:36:51','2017-11-26 21:36:51');

/*Data for the table `permission_user` */

/*Data for the table `permissions` */

insert  into `permissions`(`id`,`name`,`slug`,`description`,`model`,`created_at`,`updated_at`) values (39,'玩家管理显示','account.*','玩家管理',NULL,NULL,NULL);
insert  into `permissions`(`id`,`name`,`slug`,`description`,`model`,`created_at`,`updated_at`) values (1,'后台首页显示','index.index','后台首页',NULL,NULL,NULL);
insert  into `permissions`(`id`,`name`,`slug`,`description`,`model`,`created_at`,`updated_at`) values (2,'系统管理显示','system.*','系统管理',NULL,NULL,NULL);
insert  into `permissions`(`id`,`name`,`slug`,`description`,`model`,`created_at`,`updated_at`) values (40,'玩家列表显示','account.index','玩家列表',NULL,NULL,NULL);
insert  into `permissions`(`id`,`name`,`slug`,`description`,`model`,`created_at`,`updated_at`) values (41,'充值管理显示','rechargeorder.*','充值管理',NULL,NULL,NULL);
insert  into `permissions`(`id`,`name`,`slug`,`description`,`model`,`created_at`,`updated_at`) values (42,'充值订单列表显示','rechargeorder.index','订单列表',NULL,NULL,NULL);
insert  into `permissions`(`id`,`name`,`slug`,`description`,`model`,`created_at`,`updated_at`) values (3,'角色列表显示','roles.index','角色列表',NULL,NULL,NULL);
insert  into `permissions`(`id`,`name`,`slug`,`description`,`model`,`created_at`,`updated_at`) values (4,'权限列表显示','permissions.index','显示权限列表',NULL,NULL,NULL);
insert  into `permissions`(`id`,`name`,`slug`,`description`,`model`,`created_at`,`updated_at`) values (16,'玩家详情功能','account.show','玩家详情功能',NULL,NULL,NULL);
insert  into `permissions`(`id`,`name`,`slug`,`description`,`model`,`created_at`,`updated_at`) values (17,'用户列表数据功能','users.ajaxIndex','用户列表数据功能',NULL,NULL,NULL);
insert  into `permissions`(`id`,`name`,`slug`,`description`,`model`,`created_at`,`updated_at`) values (5,'用户列表显示','users.index','用户列表',NULL,NULL,NULL);
insert  into `permissions`(`id`,`name`,`slug`,`description`,`model`,`created_at`,`updated_at`) values (18,'用户创建显示','users.create','用户创建显示',NULL,NULL,NULL);
insert  into `permissions`(`id`,`name`,`slug`,`description`,`model`,`created_at`,`updated_at`) values (19,'用户创建功能','users.store','用户创建功能',NULL,NULL,NULL);
insert  into `permissions`(`id`,`name`,`slug`,`description`,`model`,`created_at`,`updated_at`) values (20,'用户修改显示','users.edit','用户修改页面',NULL,NULL,NULL);
insert  into `permissions`(`id`,`name`,`slug`,`description`,`model`,`created_at`,`updated_at`) values (21,'用户修改功能','users.update','用户修改功能',NULL,NULL,NULL);
insert  into `permissions`(`id`,`name`,`slug`,`description`,`model`,`created_at`,`updated_at`) values (22,'用户删除功能','users.destroy','用户删除功能',NULL,NULL,NULL);
insert  into `permissions`(`id`,`name`,`slug`,`description`,`model`,`created_at`,`updated_at`) values (23,'用户重置密码功能','users.resetPassword','用户重置密码功能',NULL,NULL,NULL);
insert  into `permissions`(`id`,`name`,`slug`,`description`,`model`,`created_at`,`updated_at`) values (6,'通知管理显示','notice.*','通知管理',NULL,NULL,NULL);
insert  into `permissions`(`id`,`name`,`slug`,`description`,`model`,`created_at`,`updated_at`) values (7,'私信通知显示','notice.specify','私信通知',NULL,NULL,NULL);
insert  into `permissions`(`id`,`name`,`slug`,`description`,`model`,`created_at`,`updated_at`) values (8,'系统通知显示','notice.system','系统通知',NULL,NULL,NULL);
insert  into `permissions`(`id`,`name`,`slug`,`description`,`model`,`created_at`,`updated_at`) values (9,'反馈管理显示','feedback.listFeedback','反馈管理列表显示',NULL,NULL,NULL);
insert  into `permissions`(`id`,`name`,`slug`,`description`,`model`,`created_at`,`updated_at`) values (24,'用户信息查看显示','users.show','用户信息查看显示',NULL,NULL,NULL);
insert  into `permissions`(`id`,`name`,`slug`,`description`,`model`,`created_at`,`updated_at`) values (25,'角色列表功能','roles.ajaxIndex','角色列表功能',NULL,NULL,NULL);
insert  into `permissions`(`id`,`name`,`slug`,`description`,`model`,`created_at`,`updated_at`) values (26,'角色创建显示','roles.create','角色创建显示',NULL,NULL,NULL);
insert  into `permissions`(`id`,`name`,`slug`,`description`,`model`,`created_at`,`updated_at`) values (27,'角色创建功能','roles.store','角色创建功能',NULL,NULL,NULL);
insert  into `permissions`(`id`,`name`,`slug`,`description`,`model`,`created_at`,`updated_at`) values (28,'角色详情显示','roles.show','角色详情显示',NULL,NULL,NULL);
insert  into `permissions`(`id`,`name`,`slug`,`description`,`model`,`created_at`,`updated_at`) values (29,'角色修改显示','roles.edit','角色修改显示',NULL,NULL,NULL);
insert  into `permissions`(`id`,`name`,`slug`,`description`,`model`,`created_at`,`updated_at`) values (30,'角色修改功能','roles.update','角色修改功能',NULL,NULL,NULL);
insert  into `permissions`(`id`,`name`,`slug`,`description`,`model`,`created_at`,`updated_at`) values (31,'权限列表功能','permissions.ajaxIndex','权限列表功能',NULL,NULL,NULL);
insert  into `permissions`(`id`,`name`,`slug`,`description`,`model`,`created_at`,`updated_at`) values (32,'权限修改显示','permissions.edit','权限修改显示',NULL,NULL,NULL);
insert  into `permissions`(`id`,`name`,`slug`,`description`,`model`,`created_at`,`updated_at`) values (33,'权限修改功能','permissions.update','权限修改功能',NULL,NULL,NULL);
insert  into `permissions`(`id`,`name`,`slug`,`description`,`model`,`created_at`,`updated_at`) values (34,'权限创建显示','permissions.create','权限创建显示',NULL,NULL,NULL);
insert  into `permissions`(`id`,`name`,`slug`,`description`,`model`,`created_at`,`updated_at`) values (35,'权限创建功能','permissions.store','权限创建功能',NULL,NULL,NULL);
insert  into `permissions`(`id`,`name`,`slug`,`description`,`model`,`created_at`,`updated_at`) values (36,'通知创建显示','notice.create','通知创建显示',NULL,NULL,NULL);
insert  into `permissions`(`id`,`name`,`slug`,`description`,`model`,`created_at`,`updated_at`) values (37,'创建通知功能','notice.store','创建通知功能',NULL,NULL,NULL);
insert  into `permissions`(`id`,`name`,`slug`,`description`,`model`,`created_at`,`updated_at`) values (38,'通知列表功能','notice.ajaxIndex','通知列表功能',NULL,NULL,NULL);
insert  into `permissions`(`id`,`name`,`slug`,`description`,`model`,`created_at`,`updated_at`) values (43,'通知删除功能','notice.destroy','通知删除功能',NULL,NULL,NULL);
insert  into `permissions`(`id`,`name`,`slug`,`description`,`model`,`created_at`,`updated_at`) values (44,'通知修改显示','notice.edit','通知修改页面',NULL,NULL,NULL);
insert  into `permissions`(`id`,`name`,`slug`,`description`,`model`,`created_at`,`updated_at`) values (45,'玩家列表功能','account.ajaxIndex','玩家列表功能',NULL,NULL,NULL);
insert  into `permissions`(`id`,`name`,`slug`,`description`,`model`,`created_at`,`updated_at`) values (55,'反馈显示功能','feedback.ajaxFeedback','反馈显示功能',NULL,NULL,NULL);
insert  into `permissions`(`id`,`name`,`slug`,`description`,`model`,`created_at`,`updated_at`) values (56,'反馈轮询功能','feedback.checkNewFeed','反馈轮询功能',NULL,NULL,NULL);
insert  into `permissions`(`id`,`name`,`slug`,`description`,`model`,`created_at`,`updated_at`) values (57,'反馈官方回复功能','feedback.replyFeedback','反馈官方回复功能',NULL,NULL,NULL);
insert  into `permissions`(`id`,`name`,`slug`,`description`,`model`,`created_at`,`updated_at`) values (58,'反馈详情显示','feedback.infoFeedback','反馈详情',NULL,NULL,NULL);
insert  into `permissions`(`id`,`name`,`slug`,`description`,`model`,`created_at`,`updated_at`) values (59,'语言包','index.dash','语言包',NULL,NULL,NULL);
insert  into `permissions`(`id`,`name`,`slug`,`description`,`model`,`created_at`,`updated_at`) values (66,'充值订单列表功能','rechargeorder.ajaxIndex','充值订单列表功能',NULL,NULL,NULL);
insert  into `permissions`(`id`,`name`,`slug`,`description`,`model`,`created_at`,`updated_at`) values (67,'渠道管理','operator.*','渠道管理','',NULL,'2017-11-02 15:14:49');
insert  into `permissions`(`id`,`name`,`slug`,`description`,`model`,`created_at`,`updated_at`) values (68,'渠道税收设定','channelTax.index','渠道税收设定',NULL,NULL,NULL);
insert  into `permissions`(`id`,`name`,`slug`,`description`,`model`,`created_at`,`updated_at`) values (69,'BI管理','bi.*','BI管理',NULL,NULL,NULL);
insert  into `permissions`(`id`,`name`,`slug`,`description`,`model`,`created_at`,`updated_at`) values (70,'玩家在线列表','onlineaccount.index','玩家在线列表',NULL,NULL,NULL);
insert  into `permissions`(`id`,`name`,`slug`,`description`,`model`,`created_at`,`updated_at`) values (71,'操作日志','log.index','操作日志',NULL,NULL,NULL);
insert  into `permissions`(`id`,`name`,`slug`,`description`,`model`,`created_at`,`updated_at`) values (72,'渠道商列表','channelBusiness.index','统计用户数',NULL,NULL,NULL);
insert  into `permissions`(`id`,`name`,`slug`,`description`,`model`,`created_at`,`updated_at`) values (73,'充值渠道设置','distribution.index','充值渠道设置',NULL,NULL,NULL);
insert  into `permissions`(`id`,`name`,`slug`,`description`,`model`,`created_at`,`updated_at`) values (76,'游戏配置','gameConfig.index','游戏配置',NULL,NULL,NULL);
insert  into `permissions`(`id`,`name`,`slug`,`description`,`model`,`created_at`,`updated_at`) values (77,'渠道商','operator.index','渠道商',NULL,NULL,NULL);
insert  into `permissions`(`id`,`name`,`slug`,`description`,`model`,`created_at`,`updated_at`) values (78,'税收结算统计','operatorCount.index','税收结算统计',NULL,NULL,NULL);
insert  into `permissions`(`id`,`name`,`slug`,`description`,`model`,`created_at`,`updated_at`) values (83,'客户端配置显示','client.*','客户端配置','','2017-07-12 10:31:15','2017-07-12 10:52:46');
insert  into `permissions`(`id`,`name`,`slug`,`description`,`model`,`created_at`,`updated_at`) values (84,'客户端配置列表','client.listConfig','客户端配置列表','','2017-07-12 10:53:12','2017-07-12 10:55:16');
insert  into `permissions`(`id`,`name`,`slug`,`description`,`model`,`created_at`,`updated_at`) values (85,'配置模板列表','client.template','配置模板列表','','2017-07-12 10:53:32','2017-07-12 10:53:32');
insert  into `permissions`(`id`,`name`,`slug`,`description`,`model`,`created_at`,`updated_at`) values (86,'版本管理显示','version.*','版本管理显示','','2017-07-12 14:46:12','2017-07-12 14:46:24');
insert  into `permissions`(`id`,`name`,`slug`,`description`,`model`,`created_at`,`updated_at`) values (87,'框架版本管理','version.frame','框架版本管理','','2017-07-12 14:46:39','2017-07-12 14:46:39');
insert  into `permissions`(`id`,`name`,`slug`,`description`,`model`,`created_at`,`updated_at`) values (88,'大厅版本管理','version.hall','大厅版本管理','','2017-07-12 14:49:09','2017-07-12 14:49:09');
insert  into `permissions`(`id`,`name`,`slug`,`description`,`model`,`created_at`,`updated_at`) values (89,'游戏版本管理','version.game','游戏版本管理','','2017-07-12 14:49:22','2017-07-12 14:49:22');
insert  into `permissions`(`id`,`name`,`slug`,`description`,`model`,`created_at`,`updated_at`) values (90,'菜单管理','menus.index','菜单管理','','2017-07-12 17:38:07','2017-07-12 17:40:59');
insert  into `permissions`(`id`,`name`,`slug`,`description`,`model`,`created_at`,`updated_at`) values (91,'版本导入','version.importCreate','版本管理版本导入','','2017-07-13 14:56:42','2017-07-13 15:00:21');
insert  into `permissions`(`id`,`name`,`slug`,`description`,`model`,`created_at`,`updated_at`) values (92,'清除缓存','system.clearCache','清除系统缓存','','2017-07-13 18:37:52','2017-07-13 18:41:10');
insert  into `permissions`(`id`,`name`,`slug`,`description`,`model`,`created_at`,`updated_at`) values (93,'提现管理','account.cash11','提现管理','','2017-07-31 11:34:14','2017-07-31 11:34:14');
insert  into `permissions`(`id`,`name`,`slug`,`description`,`model`,`created_at`,`updated_at`) values (94,'维护开关','gameConfig.switchList','维护开关','','2017-08-01 14:33:45','2017-08-01 14:34:57');
insert  into `permissions`(`id`,`name`,`slug`,`description`,`model`,`created_at`,`updated_at`) values (95,'金币排行榜','rank.gold','','','2017-08-01 18:37:18','2017-08-01 18:37:18');
insert  into `permissions`(`id`,`name`,`slug`,`description`,`model`,`created_at`,`updated_at`) values (96,'代理管理显示','agent.*','代理管理显示','','2017-09-09 14:47:37','2017-09-09 14:47:54');
insert  into `permissions`(`id`,`name`,`slug`,`description`,`model`,`created_at`,`updated_at`) values (99,'充值统计','statistics.*','充值统计','','2017-10-20 11:15:55','2017-10-21 17:21:55');
insert  into `permissions`(`id`,`name`,`slug`,`description`,`model`,`created_at`,`updated_at`) values (100,'渠道充值统计','statistics.channel','充值统计','','2017-10-20 11:20:18','2017-10-20 15:13:14');
insert  into `permissions`(`id`,`name`,`slug`,`description`,`model`,`created_at`,`updated_at`) values (101,'渠道充值详细','statistics.detail','','','2017-10-20 15:14:10','2017-10-20 15:14:10');
insert  into `permissions`(`id`,`name`,`slug`,`description`,`model`,`created_at`,`updated_at`) values (102,'每小时充值统计','statistics.hour','每小时充值统计','','2017-10-20 17:22:23','2017-10-20 17:22:23');
insert  into `permissions`(`id`,`name`,`slug`,`description`,`model`,`created_at`,`updated_at`) values (103,'累计充值人数','statistics.paycount','','','2017-10-20 18:12:10','2017-10-20 18:12:10');
insert  into `permissions`(`id`,`name`,`slug`,`description`,`model`,`created_at`,`updated_at`) values (104,'当日实时渠道统计','statistics.today','','','2017-10-20 18:55:38','2017-10-20 18:55:38');
insert  into `permissions`(`id`,`name`,`slug`,`description`,`model`,`created_at`,`updated_at`) values (105,'默认首页','default.index','所有人的默认首页','','2017-10-18 14:58:38','2017-10-18 14:58:38');
insert  into `permissions`(`id`,`name`,`slug`,`description`,`model`,`created_at`,`updated_at`) values (106,'统计管理','newindex.*','统计管理','','2017-10-21 19:20:46','2017-10-21 19:21:25');
insert  into `permissions`(`id`,`name`,`slug`,`description`,`model`,`created_at`,`updated_at`) values (107,'综合统计','newindex.index','综合统计','','2017-10-21 19:24:42','2017-10-21 19:24:42');
insert  into `permissions`(`id`,`name`,`slug`,`description`,`model`,`created_at`,`updated_at`) values (108,'渠道列表','operator.showlist','','','2017-10-24 20:15:29','2017-10-24 20:17:42');
insert  into `permissions`(`id`,`name`,`slug`,`description`,`model`,`created_at`,`updated_at`) values (109,'渠道包列表','operator.showPack','','','2017-10-24 20:19:57','2017-10-24 20:21:52');
insert  into `permissions`(`id`,`name`,`slug`,`description`,`model`,`created_at`,`updated_at`) values (110,'渠道日统计','operatorCounts.index','','','2017-10-24 20:28:30','2017-10-24 20:33:25');
insert  into `permissions`(`id`,`name`,`slug`,`description`,`model`,`created_at`,`updated_at`) values (111,'渠道月统计','operatorCounts.moth','','','2017-10-24 20:38:23','2017-10-25 02:14:27');
insert  into `permissions`(`id`,`name`,`slug`,`description`,`model`,`created_at`,`updated_at`) values (112,'游戏开关显示','gameSwitch.index','游戏开关','','2017-10-26 20:49:04','2017-10-26 20:59:35');
insert  into `permissions`(`id`,`name`,`slug`,`description`,`model`,`created_at`,`updated_at`) values (114,'机器人库存','index.robot','机器人库存',NULL,NULL,NULL);
insert  into `permissions`(`id`,`name`,`slug`,`description`,`model`,`created_at`,`updated_at`) values (115,'金币统计','newindex.coin','金币统计','','2017-11-08 14:13:35','2017-11-08 14:13:35');
insert  into `permissions`(`id`,`name`,`slug`,`description`,`model`,`created_at`,`updated_at`) values (116,'充值数据统计','newindex.recharge','充值数据统计','','2017-11-11 22:00:59','2017-11-11 22:00:59');
insert  into `permissions`(`id`,`name`,`slug`,`description`,`model`,`created_at`,`updated_at`) values (117,'玩家输赢排行榜','newindex.wintop','玩家输赢排行榜','','2017-11-14 12:27:33','2017-11-14 12:28:16');
insert  into `permissions`(`id`,`name`,`slug`,`description`,`model`,`created_at`,`updated_at`) values (118,'伙牌分析','flogging.*','伙牌分析','','2017-11-15 13:36:02','2017-11-15 13:37:29');
insert  into `permissions`(`id`,`name`,`slug`,`description`,`model`,`created_at`,`updated_at`) values (119,'封号设置','flogging.index','伙牌封号设置','','2017-11-15 13:49:49','2017-11-15 13:50:25');
insert  into `permissions`(`id`,`name`,`slug`,`description`,`model`,`created_at`,`updated_at`) values (120,'游戏白名单','flogging.whitelist','游戏白名单','','2017-11-15 13:53:37','2017-11-15 13:53:37');
insert  into `permissions`(`id`,`name`,`slug`,`description`,`model`,`created_at`,`updated_at`) values (121,'游戏黑名单','flogging.blacklist','游戏黑名单','','2017-11-16 16:05:38','2017-11-16 16:05:38');
insert  into `permissions`(`id`,`name`,`slug`,`description`,`model`,`created_at`,`updated_at`) values (122,'斗地主、炸金花','flogging.landlord_gold','伙牌分析 斗地主、炸金花','','2017-11-17 14:22:19','2017-11-17 14:28:19');
insert  into `permissions`(`id`,`name`,`slug`,`description`,`model`,`created_at`,`updated_at`) values (123,'杀分机器人','flogging.robot','杀分机器人','','2017-11-17 19:35:03','2017-11-17 19:35:03');
insert  into `permissions`(`id`,`name`,`slug`,`description`,`model`,`created_at`,`updated_at`) values (124,'作弊分析','flogging.cheat','作弊分析','','2017-11-19 11:17:59','2017-11-19 11:17:59');
insert  into `permissions`(`id`,`name`,`slug`,`description`,`model`,`created_at`,`updated_at`) values (125,'伙牌炸金花','flogging.gold','伙牌炸金花','','2017-11-20 12:45:58','2017-11-20 12:45:58');
insert  into `permissions`(`id`,`name`,`slug`,`description`,`model`,`created_at`,`updated_at`) values (126,'代理统计信息','agent.agent','代理统计信息',NULL,NULL,NULL);
insert  into `permissions`(`id`,`name`,`slug`,`description`,`model`,`created_at`,`updated_at`) values (127,'兑换管理','cash.*','兑换管理',NULL,NULL,NULL);
insert  into `permissions`(`id`,`name`,`slug`,`description`,`model`,`created_at`,`updated_at`) values (128,'用户提现记录','account.cash',NULL,NULL,NULL,NULL);
insert  into `permissions`(`id`,`name`,`slug`,`description`,`model`,`created_at`,`updated_at`) values (129,'用户提现异常记录','account.errorOrder',NULL,NULL,NULL,NULL);
insert  into `permissions`(`id`,`name`,`slug`,`description`,`model`,`created_at`,`updated_at`) values (130,'游戏留存','newindex.keep','游戏留存',NULL,NULL,NULL);
insert  into `permissions`(`id`,`name`,`slug`,`description`,`model`,`created_at`,`updated_at`) values (131,'玩家提现排行','rank.cash',NULL,NULL,NULL,NULL);
insert  into `permissions`(`id`,`name`,`slug`,`description`,`model`,`created_at`,`updated_at`) values (132,'玩家营收排行','rank.money',NULL,NULL,NULL,NULL);
insert  into `permissions`(`id`,`name`,`slug`,`description`,`model`,`created_at`,`updated_at`) values (133,'充值统计列表','rechargeorder.count',NULL,NULL,NULL,NULL);
insert  into `permissions`(`id`,`name`,`slug`,`description`,`model`,`created_at`,`updated_at`) values (134,'投诉系统','feedback.complaints','投诉系统','','2017-11-26 21:35:39','2017-11-26 21:35:39');

/*Data for the table `role_user` */

insert  into `role_user`(`id`,`role_id`,`user_id`,`created_at`,`updated_at`) values (1,1,1,'2016-11-16 16:00:23','2016-11-16 16:00:23');
insert  into `role_user`(`id`,`role_id`,`user_id`,`created_at`,`updated_at`) values (8,1,2,NULL,NULL);
insert  into `role_user`(`id`,`role_id`,`user_id`,`created_at`,`updated_at`) values (16,1,10,'2017-11-16 10:57:40',NULL);
insert  into `role_user`(`id`,`role_id`,`user_id`,`created_at`,`updated_at`) values (15,1,9,'2017-11-04 17:03:08',NULL);

/*Data for the table `roles` */

insert  into `roles`(`id`,`name`,`slug`,`description`,`level`,`created_at`,`updated_at`) values (1,'超级管理员','admin','超级管理员',1,'2016-11-16 16:00:22','2017-11-26 21:36:50');

/*Data for the table `users` */

insert  into `users`(`id`,`name`,`email`,`password`,`remember_token`,`created_at`,`updated_at`) values (1,'admin','admin@admin.com','$2y$10$pYtEfW5QWKsQoBIDTGq14.mS4WXz1AMPgc/MXwS6cA4EM9aKhOmMG','sRgeda3zTQO3FpgEsS5tlXhOynbZ7wMW0TDYp8Uh8LGVuZgk2dmp2jQmNyam','2017-02-07 15:59:30','2017-03-13 17:43:18');
insert  into `users`(`id`,`name`,`email`,`password`,`remember_token`,`created_at`,`updated_at`) values (2,'maodun','maodun','$2y$10$dlJ7jJFiKB561jrYmU6.GuTJaHAa7xv2qn3IeykryDuC4icIuJO7y','rQkQMqFjBMZ4TxhF2zfYxE4GOeM10giKAD1wecJdBmd8k0vnnMxlhBvVNwqR',NULL,'2017-11-24 21:23:41');
insert  into `users`(`id`,`name`,`email`,`password`,`remember_token`,`created_at`,`updated_at`) values (10,'tank','tank@163.com','$2y$10$K319GIMPTSiNv58agveN7ul2oqyy7XaE1hvL2B6KrGBd4vkIRSXLa',NULL,'2017-11-16 10:57:40',NULL);
